date.time,temp.c,depth.m,lake,location,logger.id,date,hour,month,day,year,yday,id,lake_yr
5/4/2018 12:12,7.983,0.5,MCD,pelagic,MCD5,5/4/2018,12,5,4,2018,124,MCD5_2018,MCD_2018
5/5/2018 12:12,9.571,0.5,MCD,pelagic,MCD5,5/5/2018,12,5,5,2018,125,MCD5_2018,MCD_2018
5/6/2018 12:12,9.768,0.5,MCD,pelagic,MCD5,5/6/2018,12,5,6,2018,126,MCD5_2018,MCD_2018
5/7/2018 12:12,13.365,0.5,MCD,pelagic,MCD5,5/7/2018,12,5,7,2018,127,MCD5_2018,MCD_2018
5/8/2018 12:12,14.804,0.5,MCD,pelagic,MCD5,5/8/2018,12,5,8,2018,128,MCD5_2018,MCD_2018
5/9/2018 12:12,14.038,0.5,MCD,pelagic,MCD5,5/9/2018,12,5,9,2018,129,MCD5_2018,MCD_2018
5/10/2018 12:12,14.421,0.5,MCD,pelagic,MCD5,5/10/2018,12,5,10,2018,130,MCD5_2018,MCD_2018
5/11/2018 12:12,13.75,0.5,MCD,pelagic,MCD5,5/11/2018,12,5,11,2018,131,MCD5_2018,MCD_2018
5/12/2018 12:12,14.038,0.5,MCD,pelagic,MCD5,5/12/2018,12,5,12,2018,132,MCD5_2018,MCD_2018
5/13/2018 12:12,15.76,0.5,MCD,pelagic,MCD5,5/13/2018,12,5,13,2018,133,MCD5_2018,MCD_2018
5/14/2018 12:12,17.284,0.5,MCD,pelagic,MCD5,5/14/2018,12,5,14,2018,134,MCD5_2018,MCD_2018
5/15/2018 12:12,17.76,0.5,MCD,pelagic,MCD5,5/15/2018,12,5,15,2018,135,MCD5_2018,MCD_2018
5/16/2018 12:12,19.092,0.5,MCD,pelagic,MCD5,5/16/2018,12,5,16,2018,136,MCD5_2018,MCD_2018
5/17/2018 12:12,18.711,0.5,MCD,pelagic,MCD5,5/17/2018,12,5,17,2018,137,MCD5_2018,MCD_2018
5/18/2018 12:12,18.426,0.5,MCD,pelagic,MCD5,5/18/2018,12,5,18,2018,138,MCD5_2018,MCD_2018
5/19/2018 12:12,18.521,0.5,MCD,pelagic,MCD5,5/19/2018,12,5,19,2018,139,MCD5_2018,MCD_2018
5/20/2018 12:12,16.999,0.5,MCD,pelagic,MCD5,5/20/2018,12,5,20,2018,140,MCD5_2018,MCD_2018
5/21/2018 12:12,17.855,0.5,MCD,pelagic,MCD5,5/21/2018,12,5,21,2018,141,MCD5_2018,MCD_2018
5/22/2018 12:12,18.616,0.5,MCD,pelagic,MCD5,5/22/2018,12,5,22,2018,142,MCD5_2018,MCD_2018
5/23/2018 12:12,20.424,0.5,MCD,pelagic,MCD5,5/23/2018,12,5,23,2018,143,MCD5_2018,MCD_2018
5/24/2018 12:12,20.996,0.5,MCD,pelagic,MCD5,5/24/2018,12,5,24,2018,144,MCD5_2018,MCD_2018
5/25/2018 12:12,20.901,0.5,MCD,pelagic,MCD5,5/25/2018,12,5,25,2018,145,MCD5_2018,MCD_2018
5/26/2018 12:12,22.429,0.5,MCD,pelagic,MCD5,5/26/2018,12,5,26,2018,146,MCD5_2018,MCD_2018
5/27/2018 12:12,23.196,0.5,MCD,pelagic,MCD5,5/27/2018,12,5,27,2018,147,MCD5_2018,MCD_2018
5/28/2018 12:12,24.545,0.5,MCD,pelagic,MCD5,5/28/2018,12,5,28,2018,148,MCD5_2018,MCD_2018
5/29/2018 12:12,25.416,0.5,MCD,pelagic,MCD5,5/29/2018,12,5,29,2018,149,MCD5_2018,MCD_2018
5/30/2018 12:12,24.641,0.5,MCD,pelagic,MCD5,5/30/2018,12,5,30,2018,150,MCD5_2018,MCD_2018
5/31/2018 12:12,24.448,0.5,MCD,pelagic,MCD5,5/31/2018,12,5,31,2018,151,MCD5_2018,MCD_2018
6/1/2018 12:12,23.292,0.5,MCD,pelagic,MCD5,6/1/2018,12,6,1,2018,152,MCD5_2018,MCD_2018
6/2/2018 12:12,21.76,0.5,MCD,pelagic,MCD5,6/2/2018,12,6,2,2018,153,MCD5_2018,MCD_2018
6/3/2018 12:12,20.615,0.5,MCD,pelagic,MCD5,6/3/2018,12,6,3,2018,154,MCD5_2018,MCD_2018
6/4/2018 12:12,19.758,0.5,MCD,pelagic,MCD5,6/4/2018,12,6,4,2018,155,MCD5_2018,MCD_2018
6/5/2018 12:12,19.662,0.5,MCD,pelagic,MCD5,6/5/2018,12,6,5,2018,156,MCD5_2018,MCD_2018
6/6/2018 12:12,18.806,0.5,MCD,pelagic,MCD5,6/6/2018,12,6,6,2018,157,MCD5_2018,MCD_2018
6/7/2018 12:12,20.329,0.5,MCD,pelagic,MCD5,6/7/2018,12,6,7,2018,158,MCD5_2018,MCD_2018
6/8/2018 12:12,19.948,0.5,MCD,pelagic,MCD5,6/8/2018,12,6,8,2018,159,MCD5_2018,MCD_2018
6/9/2018 12:12,20.519,0.5,MCD,pelagic,MCD5,6/9/2018,12,6,9,2018,160,MCD5_2018,MCD_2018
6/10/2018 12:12,20.996,0.5,MCD,pelagic,MCD5,6/10/2018,12,6,10,2018,161,MCD5_2018,MCD_2018
6/11/2018 12:12,21.282,0.5,MCD,pelagic,MCD5,6/11/2018,12,6,11,2018,162,MCD5_2018,MCD_2018
6/12/2018 12:12,21.187,0.5,MCD,pelagic,MCD5,6/12/2018,12,6,12,2018,163,MCD5_2018,MCD_2018
6/13/2018 12:12,21.951,0.5,MCD,pelagic,MCD5,6/13/2018,12,6,13,2018,164,MCD5_2018,MCD_2018
6/14/2018 12:12,22.429,0.5,MCD,pelagic,MCD5,6/14/2018,12,6,14,2018,165,MCD5_2018,MCD_2018
6/15/2018 12:12,21.951,0.5,MCD,pelagic,MCD5,6/15/2018,12,6,15,2018,166,MCD5_2018,MCD_2018
6/16/2018 12:12,21.378,0.5,MCD,pelagic,MCD5,6/16/2018,12,6,16,2018,167,MCD5_2018,MCD_2018
6/17/2018 12:12,22.429,0.5,MCD,pelagic,MCD5,6/17/2018,12,6,17,2018,168,MCD5_2018,MCD_2018
6/18/2018 12:12,22.908,0.5,MCD,pelagic,MCD5,6/18/2018,12,6,18,2018,169,MCD5_2018,MCD_2018
6/19/2018 12:12,23.966,0.5,MCD,pelagic,MCD5,6/19/2018,12,6,19,2018,170,MCD5_2018,MCD_2018
6/20/2018 12:12,23.966,0.5,MCD,pelagic,MCD5,6/20/2018,12,6,20,2018,171,MCD5_2018,MCD_2018
6/21/2018 12:12,24.255,0.5,MCD,pelagic,MCD5,6/21/2018,12,6,21,2018,172,MCD5_2018,MCD_2018
6/22/2018 12:12,24.545,0.5,MCD,pelagic,MCD5,6/22/2018,12,6,22,2018,173,MCD5_2018,MCD_2018
6/23/2018 12:12,25.125,0.5,MCD,pelagic,MCD5,6/23/2018,12,6,23,2018,174,MCD5_2018,MCD_2018
6/24/2018 12:12,24.641,0.5,MCD,pelagic,MCD5,6/24/2018,12,6,24,2018,175,MCD5_2018,MCD_2018
6/25/2018 12:12,24.931,0.5,MCD,pelagic,MCD5,6/25/2018,12,6,25,2018,176,MCD5_2018,MCD_2018
6/26/2018 12:12,24.448,0.5,MCD,pelagic,MCD5,6/26/2018,12,6,26,2018,177,MCD5_2018,MCD_2018
6/27/2018 12:12,24.255,0.5,MCD,pelagic,MCD5,6/27/2018,12,6,27,2018,178,MCD5_2018,MCD_2018
6/28/2018 12:12,25.028,0.5,MCD,pelagic,MCD5,6/28/2018,12,6,28,2018,179,MCD5_2018,MCD_2018
6/29/2018 12:12,25.902,0.5,MCD,pelagic,MCD5,6/29/2018,12,6,29,2018,180,MCD5_2018,MCD_2018
6/30/2018 12:12,27.075,0.5,MCD,pelagic,MCD5,6/30/2018,12,6,30,2018,181,MCD5_2018,MCD_2018
7/1/2018 12:12,26.097,0.5,MCD,pelagic,MCD5,7/1/2018,12,7,1,2018,182,MCD5_2018,MCD_2018
7/2/2018 12:12,25.805,0.5,MCD,pelagic,MCD5,7/2/2018,12,7,2,2018,183,MCD5_2018,MCD_2018
7/3/2018 12:12,25.513,0.5,MCD,pelagic,MCD5,7/3/2018,12,7,3,2018,184,MCD5_2018,MCD_2018
7/4/2018 12:12,25.513,0.5,MCD,pelagic,MCD5,7/4/2018,12,7,4,2018,185,MCD5_2018,MCD_2018
7/5/2018 12:12,25.902,0.5,MCD,pelagic,MCD5,7/5/2018,12,7,5,2018,186,MCD5_2018,MCD_2018
7/6/2018 12:12,26.097,0.5,MCD,pelagic,MCD5,7/6/2018,12,7,6,2018,187,MCD5_2018,MCD_2018
7/7/2018 12:12,25.513,0.5,MCD,pelagic,MCD5,7/7/2018,12,7,7,2018,188,MCD5_2018,MCD_2018
7/8/2018 12:12,25.513,0.5,MCD,pelagic,MCD5,7/8/2018,12,7,8,2018,189,MCD5_2018,MCD_2018
7/9/2018 12:12,26.195,0.5,MCD,pelagic,MCD5,7/9/2018,12,7,9,2018,190,MCD5_2018,MCD_2018
7/10/2018 12:12,26.488,0.5,MCD,pelagic,MCD5,7/10/2018,12,7,10,2018,191,MCD5_2018,MCD_2018
7/11/2018 12:12,26.195,0.5,MCD,pelagic,MCD5,7/11/2018,12,7,11,2018,192,MCD5_2018,MCD_2018
7/12/2018 12:12,25.125,0.5,MCD,pelagic,MCD5,7/12/2018,12,7,12,2018,193,MCD5_2018,MCD_2018
7/13/2018 12:12,25.125,0.5,MCD,pelagic,MCD5,7/13/2018,12,7,13,2018,194,MCD5_2018,MCD_2018
7/14/2018 12:12,26.488,0.5,MCD,pelagic,MCD5,7/14/2018,12,7,14,2018,195,MCD5_2018,MCD_2018
7/15/2018 12:12,27.075,0.5,MCD,pelagic,MCD5,7/15/2018,12,7,15,2018,196,MCD5_2018,MCD_2018
7/16/2018 12:12,26.683,0.5,MCD,pelagic,MCD5,7/16/2018,12,7,16,2018,197,MCD5_2018,MCD_2018
7/17/2018 12:12,26,0.5,MCD,pelagic,MCD5,7/17/2018,12,7,17,2018,198,MCD5_2018,MCD_2018
7/18/2018 12:12,26,0.5,MCD,pelagic,MCD5,7/18/2018,12,7,18,2018,199,MCD5_2018,MCD_2018
7/19/2018 12:12,25.61,0.5,MCD,pelagic,MCD5,7/19/2018,12,7,19,2018,200,MCD5_2018,MCD_2018
7/20/2018 12:12,24.641,0.5,MCD,pelagic,MCD5,7/20/2018,12,7,20,2018,201,MCD5_2018,MCD_2018
7/21/2018 12:12,23.388,0.5,MCD,pelagic,MCD5,7/21/2018,12,7,21,2018,202,MCD5_2018,MCD_2018
7/22/2018 12:12,22.908,0.5,MCD,pelagic,MCD5,7/22/2018,12,7,22,2018,203,MCD5_2018,MCD_2018
7/23/2018 12:12,23.484,0.5,MCD,pelagic,MCD5,7/23/2018,12,7,23,2018,204,MCD5_2018,MCD_2018
7/24/2018 12:12,24.545,0.5,MCD,pelagic,MCD5,7/24/2018,12,7,24,2018,205,MCD5_2018,MCD_2018
7/25/2018 12:12,24.545,0.5,MCD,pelagic,MCD5,7/25/2018,12,7,25,2018,206,MCD5_2018,MCD_2018
7/26/2018 12:12,23.004,0.5,MCD,pelagic,MCD5,7/26/2018,12,7,26,2018,207,MCD5_2018,MCD_2018
7/27/2018 12:12,23.004,0.5,MCD,pelagic,MCD5,7/27/2018,12,7,27,2018,208,MCD5_2018,MCD_2018
7/28/2018 12:12,23.1,0.5,MCD,pelagic,MCD5,7/28/2018,12,7,28,2018,209,MCD5_2018,MCD_2018
7/29/2018 12:12,23.677,0.5,MCD,pelagic,MCD5,7/29/2018,12,7,29,2018,210,MCD5_2018,MCD_2018
7/30/2018 12:12,24.351,0.5,MCD,pelagic,MCD5,7/30/2018,12,7,30,2018,211,MCD5_2018,MCD_2018
7/31/2018 12:12,24.351,0.5,MCD,pelagic,MCD5,7/31/2018,12,7,31,2018,212,MCD5_2018,MCD_2018
8/1/2018 12:12,23.388,0.5,MCD,pelagic,MCD5,8/1/2018,12,8,1,2018,213,MCD5_2018,MCD_2018
8/2/2018 12:12,22.333,0.5,MCD,pelagic,MCD5,8/2/2018,12,8,2,2018,214,MCD5_2018,MCD_2018
8/3/2018 12:12,22.429,0.5,MCD,pelagic,MCD5,8/3/2018,12,8,3,2018,215,MCD5_2018,MCD_2018
8/4/2018 12:12,22.525,0.5,MCD,pelagic,MCD5,8/4/2018,12,8,4,2018,216,MCD5_2018,MCD_2018
8/5/2018 12:12,22.525,0.5,MCD,pelagic,MCD5,8/5/2018,12,8,5,2018,217,MCD5_2018,MCD_2018
8/6/2018 12:12,23.196,0.5,MCD,pelagic,MCD5,8/6/2018,12,8,6,2018,218,MCD5_2018,MCD_2018
8/7/2018 12:12,23.773,0.5,MCD,pelagic,MCD5,8/7/2018,12,8,7,2018,219,MCD5_2018,MCD_2018
8/8/2018 12:12,23.773,0.5,MCD,pelagic,MCD5,8/8/2018,12,8,8,2018,220,MCD5_2018,MCD_2018
8/9/2018 12:12,24.545,0.5,MCD,pelagic,MCD5,8/9/2018,12,8,9,2018,221,MCD5_2018,MCD_2018
8/10/2018 12:12,24.738,0.5,MCD,pelagic,MCD5,8/10/2018,12,8,10,2018,222,MCD5_2018,MCD_2018
8/11/2018 12:12,25.513,0.5,MCD,pelagic,MCD5,8/11/2018,12,8,11,2018,223,MCD5_2018,MCD_2018
8/12/2018 12:12,26.195,0.5,MCD,pelagic,MCD5,8/12/2018,12,8,12,2018,224,MCD5_2018,MCD_2018
8/13/2018 12:12,26.292,0.5,MCD,pelagic,MCD5,8/13/2018,12,8,13,2018,225,MCD5_2018,MCD_2018
8/14/2018 12:12,26,0.5,MCD,pelagic,MCD5,8/14/2018,12,8,14,2018,226,MCD5_2018,MCD_2018
8/15/2018 12:12,25.805,0.5,MCD,pelagic,MCD5,8/15/2018,12,8,15,2018,227,MCD5_2018,MCD_2018
8/16/2018 12:12,25.708,0.5,MCD,pelagic,MCD5,8/16/2018,12,8,16,2018,228,MCD5_2018,MCD_2018
8/17/2018 12:12,25.805,0.5,MCD,pelagic,MCD5,8/17/2018,12,8,17,2018,229,MCD5_2018,MCD_2018
8/18/2018 12:12,25.028,0.5,MCD,pelagic,MCD5,8/18/2018,12,8,18,2018,230,MCD5_2018,MCD_2018
8/19/2018 12:12,25.028,0.5,MCD,pelagic,MCD5,8/19/2018,12,8,19,2018,231,MCD5_2018,MCD_2018
8/20/2018 12:12,24.835,0.5,MCD,pelagic,MCD5,8/20/2018,12,8,20,2018,232,MCD5_2018,MCD_2018
8/21/2018 12:12,23.581,0.5,MCD,pelagic,MCD5,8/21/2018,12,8,21,2018,233,MCD5_2018,MCD_2018
8/22/2018 12:12,23.292,0.5,MCD,pelagic,MCD5,8/22/2018,12,8,22,2018,234,MCD5_2018,MCD_2018
8/23/2018 12:12,22.908,0.5,MCD,pelagic,MCD5,8/23/2018,12,8,23,2018,235,MCD5_2018,MCD_2018
8/24/2018 12:12,22.142,0.5,MCD,pelagic,MCD5,8/24/2018,12,8,24,2018,236,MCD5_2018,MCD_2018
8/25/2018 12:12,22.046,0.5,MCD,pelagic,MCD5,8/25/2018,12,8,25,2018,237,MCD5_2018,MCD_2018
8/26/2018 12:12,22.525,0.5,MCD,pelagic,MCD5,8/26/2018,12,8,26,2018,238,MCD5_2018,MCD_2018
8/27/2018 12:12,22.238,0.5,MCD,pelagic,MCD5,8/27/2018,12,8,27,2018,239,MCD5_2018,MCD_2018
8/28/2018 12:12,22.429,0.5,MCD,pelagic,MCD5,8/28/2018,12,8,28,2018,240,MCD5_2018,MCD_2018
8/29/2018 12:12,21.855,0.5,MCD,pelagic,MCD5,8/29/2018,12,8,29,2018,241,MCD5_2018,MCD_2018
8/30/2018 12:12,21.569,0.5,MCD,pelagic,MCD5,8/30/2018,12,8,30,2018,242,MCD5_2018,MCD_2018
8/31/2018 12:12,21.378,0.5,MCD,pelagic,MCD5,8/31/2018,12,8,31,2018,243,MCD5_2018,MCD_2018
9/1/2018 12:12,21.76,0.5,MCD,pelagic,MCD5,9/1/2018,12,9,1,2018,244,MCD5_2018,MCD_2018
9/2/2018 12:12,21.855,0.5,MCD,pelagic,MCD5,9/2/2018,12,9,2,2018,245,MCD5_2018,MCD_2018
9/3/2018 12:12,22.429,0.5,MCD,pelagic,MCD5,9/3/2018,12,9,3,2018,246,MCD5_2018,MCD_2018
9/4/2018 12:12,22.046,0.5,MCD,pelagic,MCD5,9/4/2018,12,9,4,2018,247,MCD5_2018,MCD_2018
9/5/2018 12:12,21.76,0.5,MCD,pelagic,MCD5,9/5/2018,12,9,5,2018,248,MCD5_2018,MCD_2018
9/6/2018 12:12,22.046,0.5,MCD,pelagic,MCD5,9/6/2018,12,9,6,2018,249,MCD5_2018,MCD_2018
9/7/2018 12:12,21.187,0.5,MCD,pelagic,MCD5,9/7/2018,12,9,7,2018,250,MCD5_2018,MCD_2018
9/8/2018 12:12,21.378,0.5,MCD,pelagic,MCD5,9/8/2018,12,9,8,2018,251,MCD5_2018,MCD_2018
9/9/2018 12:12,20.901,0.5,MCD,pelagic,MCD5,9/9/2018,12,9,9,2018,252,MCD5_2018,MCD_2018
9/10/2018 12:12,20.901,0.5,MCD,pelagic,MCD5,9/10/2018,12,9,10,2018,253,MCD5_2018,MCD_2018
9/11/2018 12:12,20.519,0.5,MCD,pelagic,MCD5,9/11/2018,12,9,11,2018,254,MCD5_2018,MCD_2018
5/4/2018 12:10,6.37,1,MCD,pelagic,MCD4,5/4/2018,12,5,4,2018,124,MCD4_2018,MCD_2018
5/5/2018 12:10,8.182,1,MCD,pelagic,MCD4,5/5/2018,12,5,5,2018,125,MCD4_2018,MCD_2018
5/6/2018 12:10,8.779,1,MCD,pelagic,MCD4,5/6/2018,12,5,6,2018,126,MCD4_2018,MCD_2018
5/7/2018 12:10,12.883,1,MCD,pelagic,MCD4,5/7/2018,12,5,7,2018,127,MCD4_2018,MCD_2018
5/8/2018 12:10,13.75,1,MCD,pelagic,MCD4,5/8/2018,12,5,8,2018,128,MCD4_2018,MCD_2018
5/9/2018 12:10,13.942,1,MCD,pelagic,MCD4,5/9/2018,12,5,9,2018,129,MCD4_2018,MCD_2018
5/10/2018 12:10,13.365,1,MCD,pelagic,MCD4,5/10/2018,12,5,10,2018,130,MCD4_2018,MCD_2018
5/11/2018 12:10,12.883,1,MCD,pelagic,MCD4,5/11/2018,12,5,11,2018,131,MCD4_2018,MCD_2018
5/12/2018 12:10,12.98,1,MCD,pelagic,MCD4,5/12/2018,12,5,12,2018,132,MCD4_2018,MCD_2018
5/13/2018 12:10,14.325,1,MCD,pelagic,MCD4,5/13/2018,12,5,13,2018,133,MCD4_2018,MCD_2018
5/14/2018 12:10,15.569,1,MCD,pelagic,MCD4,5/14/2018,12,5,14,2018,134,MCD4_2018,MCD_2018
5/15/2018 12:10,14.996,1,MCD,pelagic,MCD4,5/15/2018,12,5,15,2018,135,MCD4_2018,MCD_2018
5/16/2018 12:10,17.95,1,MCD,pelagic,MCD4,5/16/2018,12,5,16,2018,136,MCD4_2018,MCD_2018
5/17/2018 12:10,17.76,1,MCD,pelagic,MCD4,5/17/2018,12,5,17,2018,137,MCD4_2018,MCD_2018
5/18/2018 12:10,18.045,1,MCD,pelagic,MCD4,5/18/2018,12,5,18,2018,138,MCD4_2018,MCD_2018
5/19/2018 12:10,18.331,1,MCD,pelagic,MCD4,5/19/2018,12,5,19,2018,139,MCD4_2018,MCD_2018
5/20/2018 12:10,16.427,1,MCD,pelagic,MCD4,5/20/2018,12,5,20,2018,140,MCD4_2018,MCD_2018
5/21/2018 12:10,17.665,1,MCD,pelagic,MCD4,5/21/2018,12,5,21,2018,141,MCD4_2018,MCD_2018
5/22/2018 12:10,17.475,1,MCD,pelagic,MCD4,5/22/2018,12,5,22,2018,142,MCD4_2018,MCD_2018
5/23/2018 12:10,18.996,1,MCD,pelagic,MCD4,5/23/2018,12,5,23,2018,143,MCD4_2018,MCD_2018
5/24/2018 12:10,19.377,1,MCD,pelagic,MCD4,5/24/2018,12,5,24,2018,144,MCD4_2018,MCD_2018
5/25/2018 12:10,20.901,1,MCD,pelagic,MCD4,5/25/2018,12,5,25,2018,145,MCD4_2018,MCD_2018
5/26/2018 12:10,22.046,1,MCD,pelagic,MCD4,5/26/2018,12,5,26,2018,146,MCD4_2018,MCD_2018
5/27/2018 12:10,22.333,1,MCD,pelagic,MCD4,5/27/2018,12,5,27,2018,147,MCD4_2018,MCD_2018
5/28/2018 12:10,23.581,1,MCD,pelagic,MCD4,5/28/2018,12,5,28,2018,148,MCD4_2018,MCD_2018
5/29/2018 12:10,24.931,1,MCD,pelagic,MCD4,5/29/2018,12,5,29,2018,149,MCD4_2018,MCD_2018
5/30/2018 12:10,24.545,1,MCD,pelagic,MCD4,5/30/2018,12,5,30,2018,150,MCD4_2018,MCD_2018
5/31/2018 12:10,24.158,1,MCD,pelagic,MCD4,5/31/2018,12,5,31,2018,151,MCD4_2018,MCD_2018
6/1/2018 12:10,23.196,1,MCD,pelagic,MCD4,6/1/2018,12,6,1,2018,152,MCD4_2018,MCD_2018
6/2/2018 12:10,21.569,1,MCD,pelagic,MCD4,6/2/2018,12,6,2,2018,153,MCD4_2018,MCD_2018
6/3/2018 12:10,20.519,1,MCD,pelagic,MCD4,6/3/2018,12,6,3,2018,154,MCD4_2018,MCD_2018
6/4/2018 12:10,19.472,1,MCD,pelagic,MCD4,6/4/2018,12,6,4,2018,155,MCD4_2018,MCD_2018
6/5/2018 12:10,18.996,1,MCD,pelagic,MCD4,6/5/2018,12,6,5,2018,156,MCD4_2018,MCD_2018
6/6/2018 12:10,18.806,1,MCD,pelagic,MCD4,6/6/2018,12,6,6,2018,157,MCD4_2018,MCD_2018
6/7/2018 12:10,19.092,1,MCD,pelagic,MCD4,6/7/2018,12,6,7,2018,158,MCD4_2018,MCD_2018
6/8/2018 12:10,19.853,1,MCD,pelagic,MCD4,6/8/2018,12,6,8,2018,159,MCD4_2018,MCD_2018
6/9/2018 12:10,19.948,1,MCD,pelagic,MCD4,6/9/2018,12,6,9,2018,160,MCD4_2018,MCD_2018
6/10/2018 12:10,20.424,1,MCD,pelagic,MCD4,6/10/2018,12,6,10,2018,161,MCD4_2018,MCD_2018
6/11/2018 12:10,20.901,1,MCD,pelagic,MCD4,6/11/2018,12,6,11,2018,162,MCD4_2018,MCD_2018
6/12/2018 12:10,20.996,1,MCD,pelagic,MCD4,6/12/2018,12,6,12,2018,163,MCD4_2018,MCD_2018
6/13/2018 12:10,21.378,1,MCD,pelagic,MCD4,6/13/2018,12,6,13,2018,164,MCD4_2018,MCD_2018
6/14/2018 12:10,21.76,1,MCD,pelagic,MCD4,6/14/2018,12,6,14,2018,165,MCD4_2018,MCD_2018
6/15/2018 12:10,21.473,1,MCD,pelagic,MCD4,6/15/2018,12,6,15,2018,166,MCD4_2018,MCD_2018
6/16/2018 12:10,21.091,1,MCD,pelagic,MCD4,6/16/2018,12,6,16,2018,167,MCD4_2018,MCD_2018
6/17/2018 12:10,22.046,1,MCD,pelagic,MCD4,6/17/2018,12,6,17,2018,168,MCD4_2018,MCD_2018
6/18/2018 12:10,22.525,1,MCD,pelagic,MCD4,6/18/2018,12,6,18,2018,169,MCD4_2018,MCD_2018
6/19/2018 12:10,23.484,1,MCD,pelagic,MCD4,6/19/2018,12,6,19,2018,170,MCD4_2018,MCD_2018
6/20/2018 12:10,23.388,1,MCD,pelagic,MCD4,6/20/2018,12,6,20,2018,171,MCD4_2018,MCD_2018
6/21/2018 12:10,23.581,1,MCD,pelagic,MCD4,6/21/2018,12,6,21,2018,172,MCD4_2018,MCD_2018
6/22/2018 12:10,23.581,1,MCD,pelagic,MCD4,6/22/2018,12,6,22,2018,173,MCD4_2018,MCD_2018
6/23/2018 12:10,24.255,1,MCD,pelagic,MCD4,6/23/2018,12,6,23,2018,174,MCD4_2018,MCD_2018
6/24/2018 12:10,24.158,1,MCD,pelagic,MCD4,6/24/2018,12,6,24,2018,175,MCD4_2018,MCD_2018
6/25/2018 12:10,24.158,1,MCD,pelagic,MCD4,6/25/2018,12,6,25,2018,176,MCD4_2018,MCD_2018
6/26/2018 12:10,24.158,1,MCD,pelagic,MCD4,6/26/2018,12,6,26,2018,177,MCD4_2018,MCD_2018
6/27/2018 12:10,23.773,1,MCD,pelagic,MCD4,6/27/2018,12,6,27,2018,178,MCD4_2018,MCD_2018
6/28/2018 12:10,23.869,1,MCD,pelagic,MCD4,6/28/2018,12,6,28,2018,179,MCD4_2018,MCD_2018
6/29/2018 12:10,25.319,1,MCD,pelagic,MCD4,6/29/2018,12,6,29,2018,180,MCD4_2018,MCD_2018
6/30/2018 12:10,26.097,1,MCD,pelagic,MCD4,6/30/2018,12,6,30,2018,181,MCD4_2018,MCD_2018
7/1/2018 12:10,26.097,1,MCD,pelagic,MCD4,7/1/2018,12,7,1,2018,182,MCD4_2018,MCD_2018
7/2/2018 12:10,25.319,1,MCD,pelagic,MCD4,7/2/2018,12,7,2,2018,183,MCD4_2018,MCD_2018
7/3/2018 12:10,25.416,1,MCD,pelagic,MCD4,7/3/2018,12,7,3,2018,184,MCD4_2018,MCD_2018
7/4/2018 12:10,25.513,1,MCD,pelagic,MCD4,7/4/2018,12,7,4,2018,185,MCD4_2018,MCD_2018
7/5/2018 12:10,25.416,1,MCD,pelagic,MCD4,7/5/2018,12,7,5,2018,186,MCD4_2018,MCD_2018
7/6/2018 12:10,25.319,1,MCD,pelagic,MCD4,7/6/2018,12,7,6,2018,187,MCD4_2018,MCD_2018
7/7/2018 12:10,25.319,1,MCD,pelagic,MCD4,7/7/2018,12,7,7,2018,188,MCD4_2018,MCD_2018
7/8/2018 12:10,25.125,1,MCD,pelagic,MCD4,7/8/2018,12,7,8,2018,189,MCD4_2018,MCD_2018
7/9/2018 12:10,25.416,1,MCD,pelagic,MCD4,7/9/2018,12,7,9,2018,190,MCD4_2018,MCD_2018
7/10/2018 12:10,25.708,1,MCD,pelagic,MCD4,7/10/2018,12,7,10,2018,191,MCD4_2018,MCD_2018
7/11/2018 12:10,26,1,MCD,pelagic,MCD4,7/11/2018,12,7,11,2018,192,MCD4_2018,MCD_2018
7/12/2018 12:10,24.931,1,MCD,pelagic,MCD4,7/12/2018,12,7,12,2018,193,MCD4_2018,MCD_2018
7/13/2018 12:10,25.125,1,MCD,pelagic,MCD4,7/13/2018,12,7,13,2018,194,MCD4_2018,MCD_2018
7/14/2018 12:10,25.319,1,MCD,pelagic,MCD4,7/14/2018,12,7,14,2018,195,MCD4_2018,MCD_2018
7/15/2018 12:10,26.879,1,MCD,pelagic,MCD4,7/15/2018,12,7,15,2018,196,MCD4_2018,MCD_2018
7/16/2018 12:10,26.292,1,MCD,pelagic,MCD4,7/16/2018,12,7,16,2018,197,MCD4_2018,MCD_2018
7/17/2018 12:10,25.61,1,MCD,pelagic,MCD4,7/17/2018,12,7,17,2018,198,MCD4_2018,MCD_2018
7/18/2018 12:10,25.416,1,MCD,pelagic,MCD4,7/18/2018,12,7,18,2018,199,MCD4_2018,MCD_2018
7/19/2018 12:10,25.319,1,MCD,pelagic,MCD4,7/19/2018,12,7,19,2018,200,MCD4_2018,MCD_2018
7/20/2018 12:10,24.545,1,MCD,pelagic,MCD4,7/20/2018,12,7,20,2018,201,MCD4_2018,MCD_2018
7/21/2018 12:10,23.388,1,MCD,pelagic,MCD4,7/21/2018,12,7,21,2018,202,MCD4_2018,MCD_2018
7/22/2018 12:10,22.717,1,MCD,pelagic,MCD4,7/22/2018,12,7,22,2018,203,MCD4_2018,MCD_2018
7/23/2018 12:10,22.812,1,MCD,pelagic,MCD4,7/23/2018,12,7,23,2018,204,MCD4_2018,MCD_2018
7/24/2018 12:10,23.196,1,MCD,pelagic,MCD4,7/24/2018,12,7,24,2018,205,MCD4_2018,MCD_2018
7/25/2018 12:10,24.062,1,MCD,pelagic,MCD4,7/25/2018,12,7,25,2018,206,MCD4_2018,MCD_2018
7/26/2018 12:10,22.908,1,MCD,pelagic,MCD4,7/26/2018,12,7,26,2018,207,MCD4_2018,MCD_2018
7/27/2018 12:10,22.429,1,MCD,pelagic,MCD4,7/27/2018,12,7,27,2018,208,MCD4_2018,MCD_2018
7/28/2018 12:10,22.238,1,MCD,pelagic,MCD4,7/28/2018,12,7,28,2018,209,MCD4_2018,MCD_2018
7/29/2018 12:10,22.812,1,MCD,pelagic,MCD4,7/29/2018,12,7,29,2018,210,MCD4_2018,MCD_2018
7/30/2018 12:10,23.196,1,MCD,pelagic,MCD4,7/30/2018,12,7,30,2018,211,MCD4_2018,MCD_2018
7/31/2018 12:10,23.292,1,MCD,pelagic,MCD4,7/31/2018,12,7,31,2018,212,MCD4_2018,MCD_2018
8/1/2018 12:10,23.388,1,MCD,pelagic,MCD4,8/1/2018,12,8,1,2018,213,MCD4_2018,MCD_2018
8/2/2018 12:10,22.142,1,MCD,pelagic,MCD4,8/2/2018,12,8,2,2018,214,MCD4_2018,MCD_2018
8/3/2018 12:10,22.142,1,MCD,pelagic,MCD4,8/3/2018,12,8,3,2018,215,MCD4_2018,MCD_2018
8/4/2018 12:10,22.142,1,MCD,pelagic,MCD4,8/4/2018,12,8,4,2018,216,MCD4_2018,MCD_2018
8/5/2018 12:10,21.855,1,MCD,pelagic,MCD4,8/5/2018,12,8,5,2018,217,MCD4_2018,MCD_2018
8/6/2018 12:10,22.429,1,MCD,pelagic,MCD4,8/6/2018,12,8,6,2018,218,MCD4_2018,MCD_2018
8/7/2018 12:10,22.812,1,MCD,pelagic,MCD4,8/7/2018,12,8,7,2018,219,MCD4_2018,MCD_2018
8/8/2018 12:10,23.581,1,MCD,pelagic,MCD4,8/8/2018,12,8,8,2018,220,MCD4_2018,MCD_2018
8/9/2018 12:10,23.677,1,MCD,pelagic,MCD4,8/9/2018,12,8,9,2018,221,MCD4_2018,MCD_2018
8/10/2018 12:10,23.966,1,MCD,pelagic,MCD4,8/10/2018,12,8,10,2018,222,MCD4_2018,MCD_2018
8/11/2018 12:10,24.641,1,MCD,pelagic,MCD4,8/11/2018,12,8,11,2018,223,MCD4_2018,MCD_2018
8/12/2018 12:10,25.028,1,MCD,pelagic,MCD4,8/12/2018,12,8,12,2018,224,MCD4_2018,MCD_2018
8/13/2018 12:10,26.097,1,MCD,pelagic,MCD4,8/13/2018,12,8,13,2018,225,MCD4_2018,MCD_2018
8/14/2018 12:10,25.61,1,MCD,pelagic,MCD4,8/14/2018,12,8,14,2018,226,MCD4_2018,MCD_2018
8/15/2018 12:10,25.61,1,MCD,pelagic,MCD4,8/15/2018,12,8,15,2018,227,MCD4_2018,MCD_2018
8/16/2018 12:10,25.416,1,MCD,pelagic,MCD4,8/16/2018,12,8,16,2018,228,MCD4_2018,MCD_2018
8/17/2018 12:10,25.222,1,MCD,pelagic,MCD4,8/17/2018,12,8,17,2018,229,MCD4_2018,MCD_2018
8/18/2018 12:10,24.738,1,MCD,pelagic,MCD4,8/18/2018,12,8,18,2018,230,MCD4_2018,MCD_2018
8/19/2018 12:10,24.545,1,MCD,pelagic,MCD4,8/19/2018,12,8,19,2018,231,MCD4_2018,MCD_2018
8/20/2018 12:10,24.448,1,MCD,pelagic,MCD4,8/20/2018,12,8,20,2018,232,MCD4_2018,MCD_2018
8/21/2018 12:10,23.484,1,MCD,pelagic,MCD4,8/21/2018,12,8,21,2018,233,MCD4_2018,MCD_2018
8/22/2018 12:10,22.717,1,MCD,pelagic,MCD4,8/22/2018,12,8,22,2018,234,MCD4_2018,MCD_2018
8/23/2018 12:10,22.812,1,MCD,pelagic,MCD4,8/23/2018,12,8,23,2018,235,MCD4_2018,MCD_2018
8/24/2018 12:10,22.046,1,MCD,pelagic,MCD4,8/24/2018,12,8,24,2018,236,MCD4_2018,MCD_2018
8/25/2018 12:10,21.664,1,MCD,pelagic,MCD4,8/25/2018,12,8,25,2018,237,MCD4_2018,MCD_2018
8/26/2018 12:10,21.951,1,MCD,pelagic,MCD4,8/26/2018,12,8,26,2018,238,MCD4_2018,MCD_2018
8/27/2018 12:10,22.142,1,MCD,pelagic,MCD4,8/27/2018,12,8,27,2018,239,MCD4_2018,MCD_2018
8/28/2018 12:10,22.142,1,MCD,pelagic,MCD4,8/28/2018,12,8,28,2018,240,MCD4_2018,MCD_2018
8/29/2018 12:10,21.473,1,MCD,pelagic,MCD4,8/29/2018,12,8,29,2018,241,MCD4_2018,MCD_2018
8/30/2018 12:10,21.378,1,MCD,pelagic,MCD4,8/30/2018,12,8,30,2018,242,MCD4_2018,MCD_2018
8/31/2018 12:10,21.091,1,MCD,pelagic,MCD4,8/31/2018,12,8,31,2018,243,MCD4_2018,MCD_2018
9/1/2018 12:10,21.473,1,MCD,pelagic,MCD4,9/1/2018,12,9,1,2018,244,MCD4_2018,MCD_2018
9/2/2018 12:10,21.76,1,MCD,pelagic,MCD4,9/2/2018,12,9,2,2018,245,MCD4_2018,MCD_2018
9/3/2018 12:10,21.76,1,MCD,pelagic,MCD4,9/3/2018,12,9,3,2018,246,MCD4_2018,MCD_2018
9/4/2018 12:10,21.951,1,MCD,pelagic,MCD4,9/4/2018,12,9,4,2018,247,MCD4_2018,MCD_2018
9/5/2018 12:10,21.664,1,MCD,pelagic,MCD4,9/5/2018,12,9,5,2018,248,MCD4_2018,MCD_2018
9/6/2018 12:10,21.091,1,MCD,pelagic,MCD4,9/6/2018,12,9,6,2018,249,MCD4_2018,MCD_2018
9/7/2018 12:10,20.805,1,MCD,pelagic,MCD4,9/7/2018,12,9,7,2018,250,MCD4_2018,MCD_2018
9/8/2018 12:10,20.615,1,MCD,pelagic,MCD4,9/8/2018,12,9,8,2018,251,MCD4_2018,MCD_2018
9/9/2018 12:10,20.519,1,MCD,pelagic,MCD4,9/9/2018,12,9,9,2018,252,MCD4_2018,MCD_2018
9/10/2018 12:10,20.234,1,MCD,pelagic,MCD4,9/10/2018,12,9,10,2018,253,MCD4_2018,MCD_2018
9/11/2018 12:10,20.424,1,MCD,pelagic,MCD4,9/11/2018,12,9,11,2018,254,MCD4_2018,MCD_2018
5/4/2018 12:08,5.655,2,MCD,pelagic,MCD3,5/4/2018,12,5,4,2018,124,MCD3_2018,MCD_2018
5/5/2018 12:08,7.179,2,MCD,pelagic,MCD3,5/5/2018,12,5,5,2018,125,MCD3_2018,MCD_2018
5/6/2018 12:08,7.582,2,MCD,pelagic,MCD3,5/6/2018,12,5,6,2018,126,MCD3_2018,MCD_2018
5/7/2018 12:08,8.282,2,MCD,pelagic,MCD3,5/7/2018,12,5,7,2018,127,MCD3_2018,MCD_2018
5/8/2018 12:08,9.176,2,MCD,pelagic,MCD3,5/8/2018,12,5,8,2018,128,MCD3_2018,MCD_2018
5/9/2018 12:08,9.472,2,MCD,pelagic,MCD3,5/9/2018,12,5,9,2018,129,MCD3_2018,MCD_2018
5/10/2018 12:08,9.571,2,MCD,pelagic,MCD3,5/10/2018,12,5,10,2018,130,MCD3_2018,MCD_2018
5/11/2018 12:08,8.581,2,MCD,pelagic,MCD3,5/11/2018,12,5,11,2018,131,MCD3_2018,MCD_2018
5/12/2018 12:08,11.625,2,MCD,pelagic,MCD3,5/12/2018,12,5,12,2018,132,MCD3_2018,MCD_2018
5/13/2018 12:08,10.944,2,MCD,pelagic,MCD3,5/13/2018,12,5,13,2018,133,MCD3_2018,MCD_2018
5/14/2018 12:08,11.139,2,MCD,pelagic,MCD3,5/14/2018,12,5,14,2018,134,MCD3_2018,MCD_2018
5/15/2018 12:08,11.431,2,MCD,pelagic,MCD3,5/15/2018,12,5,15,2018,135,MCD3_2018,MCD_2018
5/16/2018 12:08,12.013,2,MCD,pelagic,MCD3,5/16/2018,12,5,16,2018,136,MCD3_2018,MCD_2018
5/17/2018 12:08,12.98,2,MCD,pelagic,MCD3,5/17/2018,12,5,17,2018,137,MCD3_2018,MCD_2018
5/18/2018 12:08,17.284,2,MCD,pelagic,MCD3,5/18/2018,12,5,18,2018,138,MCD3_2018,MCD_2018
5/19/2018 12:08,14.23,2,MCD,pelagic,MCD3,5/19/2018,12,5,19,2018,139,MCD3_2018,MCD_2018
5/20/2018 12:08,13.365,2,MCD,pelagic,MCD3,5/20/2018,12,5,20,2018,140,MCD3_2018,MCD_2018
5/21/2018 12:08,16.046,2,MCD,pelagic,MCD3,5/21/2018,12,5,21,2018,141,MCD3_2018,MCD_2018
5/22/2018 12:08,15.378,2,MCD,pelagic,MCD3,5/22/2018,12,5,22,2018,142,MCD3_2018,MCD_2018
5/23/2018 12:08,15.378,2,MCD,pelagic,MCD3,5/23/2018,12,5,23,2018,143,MCD3_2018,MCD_2018
5/24/2018 12:08,16.713,2,MCD,pelagic,MCD3,5/24/2018,12,5,24,2018,144,MCD3_2018,MCD_2018
5/25/2018 12:08,16.427,2,MCD,pelagic,MCD3,5/25/2018,12,5,25,2018,145,MCD3_2018,MCD_2018
5/26/2018 12:08,16.808,2,MCD,pelagic,MCD3,5/26/2018,12,5,26,2018,146,MCD3_2018,MCD_2018
5/27/2018 12:08,16.523,2,MCD,pelagic,MCD3,5/27/2018,12,5,27,2018,147,MCD3_2018,MCD_2018
5/28/2018 12:08,16.999,2,MCD,pelagic,MCD3,5/28/2018,12,5,28,2018,148,MCD3_2018,MCD_2018
5/29/2018 12:08,17.57,2,MCD,pelagic,MCD3,5/29/2018,12,5,29,2018,149,MCD3_2018,MCD_2018
5/30/2018 12:08,17.95,2,MCD,pelagic,MCD3,5/30/2018,12,5,30,2018,150,MCD3_2018,MCD_2018
5/31/2018 12:08,18.521,2,MCD,pelagic,MCD3,5/31/2018,12,5,31,2018,151,MCD3_2018,MCD_2018
6/1/2018 12:08,18.806,2,MCD,pelagic,MCD3,6/1/2018,12,6,1,2018,152,MCD3_2018,MCD_2018
6/2/2018 12:08,20.043,2,MCD,pelagic,MCD3,6/2/2018,12,6,2,2018,153,MCD3_2018,MCD_2018
6/3/2018 12:08,19.662,2,MCD,pelagic,MCD3,6/3/2018,12,6,3,2018,154,MCD3_2018,MCD_2018
6/4/2018 12:08,18.045,2,MCD,pelagic,MCD3,6/4/2018,12,6,4,2018,155,MCD3_2018,MCD_2018
6/5/2018 12:08,18.806,2,MCD,pelagic,MCD3,6/5/2018,12,6,5,2018,156,MCD3_2018,MCD_2018
6/6/2018 12:08,18.806,2,MCD,pelagic,MCD3,6/6/2018,12,6,6,2018,157,MCD3_2018,MCD_2018
6/7/2018 12:08,18.616,2,MCD,pelagic,MCD3,6/7/2018,12,6,7,2018,158,MCD3_2018,MCD_2018
6/8/2018 12:08,19.377,2,MCD,pelagic,MCD3,6/8/2018,12,6,8,2018,159,MCD3_2018,MCD_2018
6/9/2018 12:08,19.472,2,MCD,pelagic,MCD3,6/9/2018,12,6,9,2018,160,MCD3_2018,MCD_2018
6/10/2018 12:08,19.662,2,MCD,pelagic,MCD3,6/10/2018,12,6,10,2018,161,MCD3_2018,MCD_2018
6/11/2018 12:08,20.234,2,MCD,pelagic,MCD3,6/11/2018,12,6,11,2018,162,MCD3_2018,MCD_2018
6/12/2018 12:08,20.901,2,MCD,pelagic,MCD3,6/12/2018,12,6,12,2018,163,MCD3_2018,MCD_2018
6/13/2018 12:08,20.71,2,MCD,pelagic,MCD3,6/13/2018,12,6,13,2018,164,MCD3_2018,MCD_2018
6/14/2018 12:08,21.569,2,MCD,pelagic,MCD3,6/14/2018,12,6,14,2018,165,MCD3_2018,MCD_2018
6/15/2018 12:08,21.282,2,MCD,pelagic,MCD3,6/15/2018,12,6,15,2018,166,MCD3_2018,MCD_2018
6/16/2018 12:08,20.901,2,MCD,pelagic,MCD3,6/16/2018,12,6,16,2018,167,MCD3_2018,MCD_2018
6/17/2018 12:08,21.569,2,MCD,pelagic,MCD3,6/17/2018,12,6,17,2018,168,MCD3_2018,MCD_2018
6/18/2018 12:08,21.855,2,MCD,pelagic,MCD3,6/18/2018,12,6,18,2018,169,MCD3_2018,MCD_2018
6/19/2018 12:08,22.046,2,MCD,pelagic,MCD3,6/19/2018,12,6,19,2018,170,MCD3_2018,MCD_2018
6/20/2018 12:08,22.812,2,MCD,pelagic,MCD3,6/20/2018,12,6,20,2018,171,MCD3_2018,MCD_2018
6/21/2018 12:08,22.621,2,MCD,pelagic,MCD3,6/21/2018,12,6,21,2018,172,MCD3_2018,MCD_2018
6/22/2018 12:08,23.004,2,MCD,pelagic,MCD3,6/22/2018,12,6,22,2018,173,MCD3_2018,MCD_2018
6/23/2018 12:08,23.388,2,MCD,pelagic,MCD3,6/23/2018,12,6,23,2018,174,MCD3_2018,MCD_2018
6/24/2018 12:08,23.388,2,MCD,pelagic,MCD3,6/24/2018,12,6,24,2018,175,MCD3_2018,MCD_2018
6/25/2018 12:08,23.773,2,MCD,pelagic,MCD3,6/25/2018,12,6,25,2018,176,MCD3_2018,MCD_2018
6/26/2018 12:08,23.677,2,MCD,pelagic,MCD3,6/26/2018,12,6,26,2018,177,MCD3_2018,MCD_2018
6/27/2018 12:08,23.484,2,MCD,pelagic,MCD3,6/27/2018,12,6,27,2018,178,MCD3_2018,MCD_2018
6/28/2018 12:08,23.581,2,MCD,pelagic,MCD3,6/28/2018,12,6,28,2018,179,MCD3_2018,MCD_2018
6/29/2018 12:08,24.835,2,MCD,pelagic,MCD3,6/29/2018,12,6,29,2018,180,MCD3_2018,MCD_2018
6/30/2018 12:08,25.708,2,MCD,pelagic,MCD3,6/30/2018,12,6,30,2018,181,MCD3_2018,MCD_2018
7/1/2018 12:08,25.902,2,MCD,pelagic,MCD3,7/1/2018,12,7,1,2018,182,MCD3_2018,MCD_2018
7/2/2018 12:08,24.931,2,MCD,pelagic,MCD3,7/2/2018,12,7,2,2018,183,MCD3_2018,MCD_2018
7/3/2018 12:08,25.416,2,MCD,pelagic,MCD3,7/3/2018,12,7,3,2018,184,MCD3_2018,MCD_2018
7/4/2018 12:08,25.416,2,MCD,pelagic,MCD3,7/4/2018,12,7,4,2018,185,MCD3_2018,MCD_2018
7/5/2018 12:08,24.931,2,MCD,pelagic,MCD3,7/5/2018,12,7,5,2018,186,MCD3_2018,MCD_2018
7/6/2018 12:08,24.835,2,MCD,pelagic,MCD3,7/6/2018,12,7,6,2018,187,MCD3_2018,MCD_2018
7/7/2018 12:08,25.222,2,MCD,pelagic,MCD3,7/7/2018,12,7,7,2018,188,MCD3_2018,MCD_2018
7/8/2018 12:08,24.931,2,MCD,pelagic,MCD3,7/8/2018,12,7,8,2018,189,MCD3_2018,MCD_2018
7/9/2018 12:08,25.222,2,MCD,pelagic,MCD3,7/9/2018,12,7,9,2018,190,MCD3_2018,MCD_2018
7/10/2018 12:08,25.416,2,MCD,pelagic,MCD3,7/10/2018,12,7,10,2018,191,MCD3_2018,MCD_2018
7/11/2018 12:08,25.708,2,MCD,pelagic,MCD3,7/11/2018,12,7,11,2018,192,MCD3_2018,MCD_2018
7/12/2018 12:08,24.931,2,MCD,pelagic,MCD3,7/12/2018,12,7,12,2018,193,MCD3_2018,MCD_2018
7/13/2018 12:08,24.835,2,MCD,pelagic,MCD3,7/13/2018,12,7,13,2018,194,MCD3_2018,MCD_2018
7/14/2018 12:08,24.931,2,MCD,pelagic,MCD3,7/14/2018,12,7,14,2018,195,MCD3_2018,MCD_2018
7/15/2018 12:08,25.708,2,MCD,pelagic,MCD3,7/15/2018,12,7,15,2018,196,MCD3_2018,MCD_2018
7/16/2018 12:08,25.222,2,MCD,pelagic,MCD3,7/16/2018,12,7,16,2018,197,MCD3_2018,MCD_2018
7/17/2018 12:08,25.222,2,MCD,pelagic,MCD3,7/17/2018,12,7,17,2018,198,MCD3_2018,MCD_2018
7/18/2018 12:08,24.931,2,MCD,pelagic,MCD3,7/18/2018,12,7,18,2018,199,MCD3_2018,MCD_2018
7/19/2018 12:08,25.222,2,MCD,pelagic,MCD3,7/19/2018,12,7,19,2018,200,MCD3_2018,MCD_2018
7/20/2018 12:08,24.545,2,MCD,pelagic,MCD3,7/20/2018,12,7,20,2018,201,MCD3_2018,MCD_2018
7/21/2018 12:08,23.388,2,MCD,pelagic,MCD3,7/21/2018,12,7,21,2018,202,MCD3_2018,MCD_2018
7/22/2018 12:08,22.429,2,MCD,pelagic,MCD3,7/22/2018,12,7,22,2018,203,MCD3_2018,MCD_2018
7/23/2018 12:08,22.525,2,MCD,pelagic,MCD3,7/23/2018,12,7,23,2018,204,MCD3_2018,MCD_2018
7/24/2018 12:08,22.908,2,MCD,pelagic,MCD3,7/24/2018,12,7,24,2018,205,MCD3_2018,MCD_2018
7/25/2018 12:08,23.581,2,MCD,pelagic,MCD3,7/25/2018,12,7,25,2018,206,MCD3_2018,MCD_2018
7/26/2018 12:08,22.717,2,MCD,pelagic,MCD3,7/26/2018,12,7,26,2018,207,MCD3_2018,MCD_2018
7/27/2018 12:08,22.238,2,MCD,pelagic,MCD3,7/27/2018,12,7,27,2018,208,MCD3_2018,MCD_2018
7/28/2018 12:08,22.142,2,MCD,pelagic,MCD3,7/28/2018,12,7,28,2018,209,MCD3_2018,MCD_2018
7/29/2018 12:08,22.429,2,MCD,pelagic,MCD3,7/29/2018,12,7,29,2018,210,MCD3_2018,MCD_2018
7/30/2018 12:08,22.812,2,MCD,pelagic,MCD3,7/30/2018,12,7,30,2018,211,MCD3_2018,MCD_2018
7/31/2018 12:08,22.908,2,MCD,pelagic,MCD3,7/31/2018,12,7,31,2018,212,MCD3_2018,MCD_2018
8/1/2018 12:08,22.812,2,MCD,pelagic,MCD3,8/1/2018,12,8,1,2018,213,MCD3_2018,MCD_2018
8/2/2018 12:08,22.142,2,MCD,pelagic,MCD3,8/2/2018,12,8,2,2018,214,MCD3_2018,MCD_2018
8/3/2018 12:08,22.046,2,MCD,pelagic,MCD3,8/3/2018,12,8,3,2018,215,MCD3_2018,MCD_2018
8/4/2018 12:08,21.855,2,MCD,pelagic,MCD3,8/4/2018,12,8,4,2018,216,MCD3_2018,MCD_2018
8/5/2018 12:08,21.76,2,MCD,pelagic,MCD3,8/5/2018,12,8,5,2018,217,MCD3_2018,MCD_2018
8/6/2018 12:08,21.76,2,MCD,pelagic,MCD3,8/6/2018,12,8,6,2018,218,MCD3_2018,MCD_2018
8/7/2018 12:08,22.333,2,MCD,pelagic,MCD3,8/7/2018,12,8,7,2018,219,MCD3_2018,MCD_2018
8/8/2018 12:08,23.196,2,MCD,pelagic,MCD3,8/8/2018,12,8,8,2018,220,MCD3_2018,MCD_2018
8/9/2018 12:08,23.1,2,MCD,pelagic,MCD3,8/9/2018,12,8,9,2018,221,MCD3_2018,MCD_2018
8/10/2018 12:08,23.1,2,MCD,pelagic,MCD3,8/10/2018,12,8,10,2018,222,MCD3_2018,MCD_2018
8/11/2018 12:08,23.581,2,MCD,pelagic,MCD3,8/11/2018,12,8,11,2018,223,MCD3_2018,MCD_2018
8/12/2018 12:08,23.773,2,MCD,pelagic,MCD3,8/12/2018,12,8,12,2018,224,MCD3_2018,MCD_2018
8/13/2018 12:08,25.61,2,MCD,pelagic,MCD3,8/13/2018,12,8,13,2018,225,MCD3_2018,MCD_2018
8/14/2018 12:08,24.931,2,MCD,pelagic,MCD3,8/14/2018,12,8,14,2018,226,MCD3_2018,MCD_2018
8/15/2018 12:08,24.448,2,MCD,pelagic,MCD3,8/15/2018,12,8,15,2018,227,MCD3_2018,MCD_2018
8/16/2018 12:08,24.738,2,MCD,pelagic,MCD3,8/16/2018,12,8,16,2018,228,MCD3_2018,MCD_2018
8/17/2018 12:08,24.835,2,MCD,pelagic,MCD3,8/17/2018,12,8,17,2018,229,MCD3_2018,MCD_2018
8/18/2018 12:08,24.448,2,MCD,pelagic,MCD3,8/18/2018,12,8,18,2018,230,MCD3_2018,MCD_2018
8/19/2018 12:08,24.255,2,MCD,pelagic,MCD3,8/19/2018,12,8,19,2018,231,MCD3_2018,MCD_2018
8/20/2018 12:08,24.062,2,MCD,pelagic,MCD3,8/20/2018,12,8,20,2018,232,MCD3_2018,MCD_2018
8/21/2018 12:08,23.484,2,MCD,pelagic,MCD3,8/21/2018,12,8,21,2018,233,MCD3_2018,MCD_2018
8/22/2018 12:08,22.429,2,MCD,pelagic,MCD3,8/22/2018,12,8,22,2018,234,MCD3_2018,MCD_2018
8/23/2018 12:08,22.621,2,MCD,pelagic,MCD3,8/23/2018,12,8,23,2018,235,MCD3_2018,MCD_2018
8/24/2018 12:08,22.046,2,MCD,pelagic,MCD3,8/24/2018,12,8,24,2018,236,MCD3_2018,MCD_2018
8/25/2018 12:08,21.664,2,MCD,pelagic,MCD3,8/25/2018,12,8,25,2018,237,MCD3_2018,MCD_2018
8/26/2018 12:08,21.76,2,MCD,pelagic,MCD3,8/26/2018,12,8,26,2018,238,MCD3_2018,MCD_2018
8/27/2018 12:08,22.142,2,MCD,pelagic,MCD3,8/27/2018,12,8,27,2018,239,MCD3_2018,MCD_2018
8/28/2018 12:08,21.951,2,MCD,pelagic,MCD3,8/28/2018,12,8,28,2018,240,MCD3_2018,MCD_2018
8/29/2018 12:08,21.378,2,MCD,pelagic,MCD3,8/29/2018,12,8,29,2018,241,MCD3_2018,MCD_2018
8/30/2018 12:08,21.282,2,MCD,pelagic,MCD3,8/30/2018,12,8,30,2018,242,MCD3_2018,MCD_2018
8/31/2018 12:08,20.996,2,MCD,pelagic,MCD3,8/31/2018,12,8,31,2018,243,MCD3_2018,MCD_2018
9/1/2018 12:08,21.282,2,MCD,pelagic,MCD3,9/1/2018,12,9,1,2018,244,MCD3_2018,MCD_2018
9/2/2018 12:08,21.855,2,MCD,pelagic,MCD3,9/2/2018,12,9,2,2018,245,MCD3_2018,MCD_2018
9/3/2018 12:08,21.664,2,MCD,pelagic,MCD3,9/3/2018,12,9,3,2018,246,MCD3_2018,MCD_2018
9/4/2018 12:08,21.951,2,MCD,pelagic,MCD3,9/4/2018,12,9,4,2018,247,MCD3_2018,MCD_2018
9/5/2018 12:08,21.664,2,MCD,pelagic,MCD3,9/5/2018,12,9,5,2018,248,MCD3_2018,MCD_2018
9/6/2018 12:08,20.901,2,MCD,pelagic,MCD3,9/6/2018,12,9,6,2018,249,MCD3_2018,MCD_2018
9/7/2018 12:08,20.71,2,MCD,pelagic,MCD3,9/7/2018,12,9,7,2018,250,MCD3_2018,MCD_2018
9/8/2018 12:08,20.519,2,MCD,pelagic,MCD3,9/8/2018,12,9,8,2018,251,MCD3_2018,MCD_2018
9/9/2018 12:08,20.234,2,MCD,pelagic,MCD3,9/9/2018,12,9,9,2018,252,MCD3_2018,MCD_2018
9/10/2018 12:08,20.043,2,MCD,pelagic,MCD3,9/10/2018,12,9,10,2018,253,MCD3_2018,MCD_2018
9/11/2018 12:08,20.424,2,MCD,pelagic,MCD3,9/11/2018,12,9,11,2018,254,MCD3_2018,MCD_2018
5/4/2018 12:09,5.244,2.5,MCD,pelagic,MCD2,5/4/2018,12,5,4,2018,124,MCD2_2018,MCD_2018
5/5/2018 12:09,6.775,2.5,MCD,pelagic,MCD2,5/5/2018,12,5,5,2018,125,MCD2_2018,MCD_2018
5/6/2018 12:09,6.978,2.5,MCD,pelagic,MCD2,5/6/2018,12,5,6,2018,126,MCD2_2018,MCD_2018
5/7/2018 12:09,7.079,2.5,MCD,pelagic,MCD2,5/7/2018,12,5,7,2018,127,MCD2_2018,MCD_2018
5/8/2018 12:09,6.877,2.5,MCD,pelagic,MCD2,5/8/2018,12,5,8,2018,128,MCD2_2018,MCD_2018
5/9/2018 12:09,6.978,2.5,MCD,pelagic,MCD2,5/9/2018,12,5,9,2018,129,MCD2_2018,MCD_2018
5/10/2018 12:09,7.381,2.5,MCD,pelagic,MCD2,5/10/2018,12,5,10,2018,130,MCD2_2018,MCD_2018
5/11/2018 12:09,6.877,2.5,MCD,pelagic,MCD2,5/11/2018,12,5,11,2018,131,MCD2_2018,MCD_2018
5/12/2018 12:09,7.28,2.5,MCD,pelagic,MCD2,5/12/2018,12,5,12,2018,132,MCD2_2018,MCD_2018
5/13/2018 12:09,7.682,2.5,MCD,pelagic,MCD2,5/13/2018,12,5,13,2018,133,MCD2_2018,MCD_2018
5/14/2018 12:09,7.682,2.5,MCD,pelagic,MCD2,5/14/2018,12,5,14,2018,134,MCD2_2018,MCD_2018
5/15/2018 12:09,7.582,2.5,MCD,pelagic,MCD2,5/15/2018,12,5,15,2018,135,MCD2_2018,MCD_2018
5/16/2018 12:09,8.382,2.5,MCD,pelagic,MCD2,5/16/2018,12,5,16,2018,136,MCD2_2018,MCD_2018
5/17/2018 12:09,8.382,2.5,MCD,pelagic,MCD2,5/17/2018,12,5,17,2018,137,MCD2_2018,MCD_2018
5/18/2018 12:09,8.282,2.5,MCD,pelagic,MCD2,5/18/2018,12,5,18,2018,138,MCD2_2018,MCD_2018
5/19/2018 12:09,8.68,2.5,MCD,pelagic,MCD2,5/19/2018,12,5,19,2018,139,MCD2_2018,MCD_2018
5/20/2018 12:09,8.382,2.5,MCD,pelagic,MCD2,5/20/2018,12,5,20,2018,140,MCD2_2018,MCD_2018
5/21/2018 12:09,8.879,2.5,MCD,pelagic,MCD2,5/21/2018,12,5,21,2018,141,MCD2_2018,MCD_2018
5/22/2018 12:09,9.077,2.5,MCD,pelagic,MCD2,5/22/2018,12,5,22,2018,142,MCD2_2018,MCD_2018
5/23/2018 12:09,9.077,2.5,MCD,pelagic,MCD2,5/23/2018,12,5,23,2018,143,MCD2_2018,MCD_2018
5/24/2018 12:09,9.571,2.5,MCD,pelagic,MCD2,5/24/2018,12,5,24,2018,144,MCD2_2018,MCD_2018
5/25/2018 12:09,10.161,2.5,MCD,pelagic,MCD2,5/25/2018,12,5,25,2018,145,MCD2_2018,MCD_2018
5/26/2018 12:09,10.748,2.5,MCD,pelagic,MCD2,5/26/2018,12,5,26,2018,146,MCD2_2018,MCD_2018
5/27/2018 12:09,10.357,2.5,MCD,pelagic,MCD2,5/27/2018,12,5,27,2018,147,MCD2_2018,MCD_2018
5/28/2018 12:09,10.944,2.5,MCD,pelagic,MCD2,5/28/2018,12,5,28,2018,148,MCD2_2018,MCD_2018
5/29/2018 12:09,11.916,2.5,MCD,pelagic,MCD2,5/29/2018,12,5,29,2018,149,MCD2_2018,MCD_2018
5/30/2018 12:09,11.139,2.5,MCD,pelagic,MCD2,5/30/2018,12,5,30,2018,150,MCD2_2018,MCD_2018
5/31/2018 12:09,11.916,2.5,MCD,pelagic,MCD2,5/31/2018,12,5,31,2018,151,MCD2_2018,MCD_2018
6/1/2018 12:09,12.304,2.5,MCD,pelagic,MCD2,6/1/2018,12,6,1,2018,152,MCD2_2018,MCD_2018
6/2/2018 12:09,11.916,2.5,MCD,pelagic,MCD2,6/2/2018,12,6,2,2018,153,MCD2_2018,MCD_2018
6/3/2018 12:09,13.076,2.5,MCD,pelagic,MCD2,6/3/2018,12,6,3,2018,154,MCD2_2018,MCD_2018
6/4/2018 12:09,13.558,2.5,MCD,pelagic,MCD2,6/4/2018,12,6,4,2018,155,MCD2_2018,MCD_2018
6/5/2018 12:09,13.558,2.5,MCD,pelagic,MCD2,6/5/2018,12,6,5,2018,156,MCD2_2018,MCD_2018
6/6/2018 12:09,14.134,2.5,MCD,pelagic,MCD2,6/6/2018,12,6,6,2018,157,MCD2_2018,MCD_2018
6/7/2018 12:09,13.75,2.5,MCD,pelagic,MCD2,6/7/2018,12,6,7,2018,158,MCD2_2018,MCD_2018
6/8/2018 12:09,14.23,2.5,MCD,pelagic,MCD2,6/8/2018,12,6,8,2018,159,MCD2_2018,MCD_2018
6/9/2018 12:09,14.421,2.5,MCD,pelagic,MCD2,6/9/2018,12,6,9,2018,160,MCD2_2018,MCD_2018
6/10/2018 12:09,15.091,2.5,MCD,pelagic,MCD2,6/10/2018,12,6,10,2018,161,MCD2_2018,MCD_2018
6/11/2018 12:09,14.23,2.5,MCD,pelagic,MCD2,6/11/2018,12,6,11,2018,162,MCD2_2018,MCD_2018
6/12/2018 12:09,14.517,2.5,MCD,pelagic,MCD2,6/12/2018,12,6,12,2018,163,MCD2_2018,MCD_2018
6/13/2018 12:09,16.808,2.5,MCD,pelagic,MCD2,6/13/2018,12,6,13,2018,164,MCD2_2018,MCD_2018
6/14/2018 12:09,17.57,2.5,MCD,pelagic,MCD2,6/14/2018,12,6,14,2018,165,MCD2_2018,MCD_2018
6/15/2018 12:09,17.855,2.5,MCD,pelagic,MCD2,6/15/2018,12,6,15,2018,166,MCD2_2018,MCD_2018
6/16/2018 12:09,16.237,2.5,MCD,pelagic,MCD2,6/16/2018,12,6,16,2018,167,MCD2_2018,MCD_2018
6/17/2018 12:09,20.043,2.5,MCD,pelagic,MCD2,6/17/2018,12,6,17,2018,168,MCD2_2018,MCD_2018
6/18/2018 12:09,19.567,2.5,MCD,pelagic,MCD2,6/18/2018,12,6,18,2018,169,MCD2_2018,MCD_2018
6/19/2018 12:09,18.711,2.5,MCD,pelagic,MCD2,6/19/2018,12,6,19,2018,170,MCD2_2018,MCD_2018
6/20/2018 12:09,19.282,2.5,MCD,pelagic,MCD2,6/20/2018,12,6,20,2018,171,MCD2_2018,MCD_2018
6/21/2018 12:09,19.377,2.5,MCD,pelagic,MCD2,6/21/2018,12,6,21,2018,172,MCD2_2018,MCD_2018
6/22/2018 12:09,19.187,2.5,MCD,pelagic,MCD2,6/22/2018,12,6,22,2018,173,MCD2_2018,MCD_2018
6/23/2018 12:09,19.377,2.5,MCD,pelagic,MCD2,6/23/2018,12,6,23,2018,174,MCD2_2018,MCD_2018
6/24/2018 12:09,19.662,2.5,MCD,pelagic,MCD2,6/24/2018,12,6,24,2018,175,MCD2_2018,MCD_2018
6/25/2018 12:09,18.806,2.5,MCD,pelagic,MCD2,6/25/2018,12,6,25,2018,176,MCD2_2018,MCD_2018
6/26/2018 12:09,19.758,2.5,MCD,pelagic,MCD2,6/26/2018,12,6,26,2018,177,MCD2_2018,MCD_2018
6/27/2018 12:09,19.662,2.5,MCD,pelagic,MCD2,6/27/2018,12,6,27,2018,178,MCD2_2018,MCD_2018
6/28/2018 12:09,20.71,2.5,MCD,pelagic,MCD2,6/28/2018,12,6,28,2018,179,MCD2_2018,MCD_2018
6/29/2018 12:09,21.091,2.5,MCD,pelagic,MCD2,6/29/2018,12,6,29,2018,180,MCD2_2018,MCD_2018
6/30/2018 12:09,19.758,2.5,MCD,pelagic,MCD2,6/30/2018,12,6,30,2018,181,MCD2_2018,MCD_2018
7/1/2018 12:09,20.329,2.5,MCD,pelagic,MCD2,7/1/2018,12,7,1,2018,182,MCD2_2018,MCD_2018
7/2/2018 12:09,21.282,2.5,MCD,pelagic,MCD2,7/2/2018,12,7,2,2018,183,MCD2_2018,MCD_2018
7/3/2018 12:09,20.805,2.5,MCD,pelagic,MCD2,7/3/2018,12,7,3,2018,184,MCD2_2018,MCD_2018
7/4/2018 12:09,20.234,2.5,MCD,pelagic,MCD2,7/4/2018,12,7,4,2018,185,MCD2_2018,MCD_2018
7/5/2018 12:09,21.664,2.5,MCD,pelagic,MCD2,7/5/2018,12,7,5,2018,186,MCD2_2018,MCD_2018
7/6/2018 12:09,21.951,2.5,MCD,pelagic,MCD2,7/6/2018,12,7,6,2018,187,MCD2_2018,MCD_2018
7/7/2018 12:09,25.028,2.5,MCD,pelagic,MCD2,7/7/2018,12,7,7,2018,188,MCD2_2018,MCD_2018
7/8/2018 12:09,24.835,2.5,MCD,pelagic,MCD2,7/8/2018,12,7,8,2018,189,MCD2_2018,MCD_2018
7/9/2018 12:09,23.388,2.5,MCD,pelagic,MCD2,7/9/2018,12,7,9,2018,190,MCD2_2018,MCD_2018
7/10/2018 12:09,23.196,2.5,MCD,pelagic,MCD2,7/10/2018,12,7,10,2018,191,MCD2_2018,MCD_2018
7/11/2018 12:09,23.966,2.5,MCD,pelagic,MCD2,7/11/2018,12,7,11,2018,192,MCD2_2018,MCD_2018
7/12/2018 12:09,23.773,2.5,MCD,pelagic,MCD2,7/12/2018,12,7,12,2018,193,MCD2_2018,MCD_2018
7/13/2018 12:09,24.351,2.5,MCD,pelagic,MCD2,7/13/2018,12,7,13,2018,194,MCD2_2018,MCD_2018
7/14/2018 12:09,23.388,2.5,MCD,pelagic,MCD2,7/14/2018,12,7,14,2018,195,MCD2_2018,MCD_2018
7/15/2018 12:09,23.869,2.5,MCD,pelagic,MCD2,7/15/2018,12,7,15,2018,196,MCD2_2018,MCD_2018
7/16/2018 12:09,24.545,2.5,MCD,pelagic,MCD2,7/16/2018,12,7,16,2018,197,MCD2_2018,MCD_2018
7/17/2018 12:09,23.869,2.5,MCD,pelagic,MCD2,7/17/2018,12,7,17,2018,198,MCD2_2018,MCD_2018
7/18/2018 12:09,23.677,2.5,MCD,pelagic,MCD2,7/18/2018,12,7,18,2018,199,MCD2_2018,MCD_2018
7/19/2018 12:09,24.835,2.5,MCD,pelagic,MCD2,7/19/2018,12,7,19,2018,200,MCD2_2018,MCD_2018
7/20/2018 12:09,23.773,2.5,MCD,pelagic,MCD2,7/20/2018,12,7,20,2018,201,MCD2_2018,MCD_2018
7/21/2018 12:09,23.004,2.5,MCD,pelagic,MCD2,7/21/2018,12,7,21,2018,202,MCD2_2018,MCD_2018
7/22/2018 12:09,22.238,2.5,MCD,pelagic,MCD2,7/22/2018,12,7,22,2018,203,MCD2_2018,MCD_2018
7/23/2018 12:09,22.238,2.5,MCD,pelagic,MCD2,7/23/2018,12,7,23,2018,204,MCD2_2018,MCD_2018
7/24/2018 12:09,22.333,2.5,MCD,pelagic,MCD2,7/24/2018,12,7,24,2018,205,MCD2_2018,MCD_2018
7/25/2018 12:09,22.525,2.5,MCD,pelagic,MCD2,7/25/2018,12,7,25,2018,206,MCD2_2018,MCD_2018
7/26/2018 12:09,22.238,2.5,MCD,pelagic,MCD2,7/26/2018,12,7,26,2018,207,MCD2_2018,MCD_2018
7/27/2018 12:09,22.046,2.5,MCD,pelagic,MCD2,7/27/2018,12,7,27,2018,208,MCD2_2018,MCD_2018
7/28/2018 12:09,21.951,2.5,MCD,pelagic,MCD2,7/28/2018,12,7,28,2018,209,MCD2_2018,MCD_2018
7/29/2018 12:09,22.046,2.5,MCD,pelagic,MCD2,7/29/2018,12,7,29,2018,210,MCD2_2018,MCD_2018
7/30/2018 12:09,22.142,2.5,MCD,pelagic,MCD2,7/30/2018,12,7,30,2018,211,MCD2_2018,MCD_2018
7/31/2018 12:09,22.238,2.5,MCD,pelagic,MCD2,7/31/2018,12,7,31,2018,212,MCD2_2018,MCD_2018
8/1/2018 12:09,22.142,2.5,MCD,pelagic,MCD2,8/1/2018,12,8,1,2018,213,MCD2_2018,MCD_2018
8/2/2018 12:09,21.569,2.5,MCD,pelagic,MCD2,8/2/2018,12,8,2,2018,214,MCD2_2018,MCD_2018
8/3/2018 12:09,21.855,2.5,MCD,pelagic,MCD2,8/3/2018,12,8,3,2018,215,MCD2_2018,MCD_2018
8/4/2018 12:09,21.569,2.5,MCD,pelagic,MCD2,8/4/2018,12,8,4,2018,216,MCD2_2018,MCD_2018
8/5/2018 12:09,21.473,2.5,MCD,pelagic,MCD2,8/5/2018,12,8,5,2018,217,MCD2_2018,MCD_2018
8/6/2018 12:09,21.378,2.5,MCD,pelagic,MCD2,8/6/2018,12,8,6,2018,218,MCD2_2018,MCD_2018
8/7/2018 12:09,21.569,2.5,MCD,pelagic,MCD2,8/7/2018,12,8,7,2018,219,MCD2_2018,MCD_2018
8/8/2018 12:09,21.664,2.5,MCD,pelagic,MCD2,8/8/2018,12,8,8,2018,220,MCD2_2018,MCD_2018
8/9/2018 12:09,21.76,2.5,MCD,pelagic,MCD2,8/9/2018,12,8,9,2018,221,MCD2_2018,MCD_2018
8/10/2018 12:09,21.664,2.5,MCD,pelagic,MCD2,8/10/2018,12,8,10,2018,222,MCD2_2018,MCD_2018
8/11/2018 12:09,21.855,2.5,MCD,pelagic,MCD2,8/11/2018,12,8,11,2018,223,MCD2_2018,MCD_2018
8/12/2018 12:09,22.142,2.5,MCD,pelagic,MCD2,8/12/2018,12,8,12,2018,224,MCD2_2018,MCD_2018
8/13/2018 12:09,22.429,2.5,MCD,pelagic,MCD2,8/13/2018,12,8,13,2018,225,MCD2_2018,MCD_2018
8/14/2018 12:09,22.525,2.5,MCD,pelagic,MCD2,8/14/2018,12,8,14,2018,226,MCD2_2018,MCD_2018
8/15/2018 12:09,22.621,2.5,MCD,pelagic,MCD2,8/15/2018,12,8,15,2018,227,MCD2_2018,MCD_2018
8/16/2018 12:09,22.429,2.5,MCD,pelagic,MCD2,8/16/2018,12,8,16,2018,228,MCD2_2018,MCD_2018
8/17/2018 12:09,22.429,2.5,MCD,pelagic,MCD2,8/17/2018,12,8,17,2018,229,MCD2_2018,MCD_2018
8/18/2018 12:09,22.812,2.5,MCD,pelagic,MCD2,8/18/2018,12,8,18,2018,230,MCD2_2018,MCD_2018
8/19/2018 12:09,22.621,2.5,MCD,pelagic,MCD2,8/19/2018,12,8,19,2018,231,MCD2_2018,MCD_2018
8/20/2018 12:09,23.004,2.5,MCD,pelagic,MCD2,8/20/2018,12,8,20,2018,232,MCD2_2018,MCD_2018
8/21/2018 12:09,22.429,2.5,MCD,pelagic,MCD2,8/21/2018,12,8,21,2018,233,MCD2_2018,MCD_2018
8/22/2018 12:09,22.238,2.5,MCD,pelagic,MCD2,8/22/2018,12,8,22,2018,234,MCD2_2018,MCD_2018
8/23/2018 12:09,22.238,2.5,MCD,pelagic,MCD2,8/23/2018,12,8,23,2018,235,MCD2_2018,MCD_2018
8/24/2018 12:09,22.046,2.5,MCD,pelagic,MCD2,8/24/2018,12,8,24,2018,236,MCD2_2018,MCD_2018
8/25/2018 12:09,21.569,2.5,MCD,pelagic,MCD2,8/25/2018,12,8,25,2018,237,MCD2_2018,MCD_2018
8/26/2018 12:09,21.664,2.5,MCD,pelagic,MCD2,8/26/2018,12,8,26,2018,238,MCD2_2018,MCD_2018
8/27/2018 12:09,22.046,2.5,MCD,pelagic,MCD2,8/27/2018,12,8,27,2018,239,MCD2_2018,MCD_2018
8/28/2018 12:09,21.76,2.5,MCD,pelagic,MCD2,8/28/2018,12,8,28,2018,240,MCD2_2018,MCD_2018
8/29/2018 12:09,21.378,2.5,MCD,pelagic,MCD2,8/29/2018,12,8,29,2018,241,MCD2_2018,MCD_2018
8/30/2018 12:09,21.187,2.5,MCD,pelagic,MCD2,8/30/2018,12,8,30,2018,242,MCD2_2018,MCD_2018
8/31/2018 12:09,20.996,2.5,MCD,pelagic,MCD2,8/31/2018,12,8,31,2018,243,MCD2_2018,MCD_2018
9/1/2018 12:09,21.187,2.5,MCD,pelagic,MCD2,9/1/2018,12,9,1,2018,244,MCD2_2018,MCD_2018
9/2/2018 12:09,21.855,2.5,MCD,pelagic,MCD2,9/2/2018,12,9,2,2018,245,MCD2_2018,MCD_2018
9/3/2018 12:09,21.282,2.5,MCD,pelagic,MCD2,9/3/2018,12,9,3,2018,246,MCD2_2018,MCD_2018
9/4/2018 12:09,21.76,2.5,MCD,pelagic,MCD2,9/4/2018,12,9,4,2018,247,MCD2_2018,MCD_2018
9/5/2018 12:09,21.187,2.5,MCD,pelagic,MCD2,9/5/2018,12,9,5,2018,248,MCD2_2018,MCD_2018
9/6/2018 12:09,20.615,2.5,MCD,pelagic,MCD2,9/6/2018,12,9,6,2018,249,MCD2_2018,MCD_2018
9/7/2018 12:09,20.519,2.5,MCD,pelagic,MCD2,9/7/2018,12,9,7,2018,250,MCD2_2018,MCD_2018
9/8/2018 12:09,20.424,2.5,MCD,pelagic,MCD2,9/8/2018,12,9,8,2018,251,MCD2_2018,MCD_2018
9/9/2018 12:09,20.234,2.5,MCD,pelagic,MCD2,9/9/2018,12,9,9,2018,252,MCD2_2018,MCD_2018
9/10/2018 12:09,20.043,2.5,MCD,pelagic,MCD2,9/10/2018,12,9,10,2018,253,MCD2_2018,MCD_2018
9/11/2018 12:09,20.329,2.5,MCD,pelagic,MCD2,9/11/2018,12,9,11,2018,254,MCD2_2018,MCD_2018
5/4/2018 12:14,5.141,3.5,MCD,pelagic,MCD1,5/4/2018,12,5,4,2018,124,MCD1_2018,MCD_2018
5/5/2018 12:14,5.962,3.5,MCD,pelagic,MCD1,5/5/2018,12,5,5,2018,125,MCD1_2018,MCD_2018
5/6/2018 12:14,6.064,3.5,MCD,pelagic,MCD1,5/6/2018,12,5,6,2018,126,MCD1_2018,MCD_2018
5/7/2018 12:14,6.37,3.5,MCD,pelagic,MCD1,5/7/2018,12,5,7,2018,127,MCD1_2018,MCD_2018
5/8/2018 12:14,6.166,3.5,MCD,pelagic,MCD1,5/8/2018,12,5,8,2018,128,MCD1_2018,MCD_2018
5/9/2018 12:14,6.166,3.5,MCD,pelagic,MCD1,5/9/2018,12,5,9,2018,129,MCD1_2018,MCD_2018
5/10/2018 12:14,6.37,3.5,MCD,pelagic,MCD1,5/10/2018,12,5,10,2018,130,MCD1_2018,MCD_2018
5/11/2018 12:14,6.471,3.5,MCD,pelagic,MCD1,5/11/2018,12,5,11,2018,131,MCD1_2018,MCD_2018
5/12/2018 12:14,6.37,3.5,MCD,pelagic,MCD1,5/12/2018,12,5,12,2018,132,MCD1_2018,MCD_2018
5/13/2018 12:14,6.573,3.5,MCD,pelagic,MCD1,5/13/2018,12,5,13,2018,133,MCD1_2018,MCD_2018
5/14/2018 12:14,6.573,3.5,MCD,pelagic,MCD1,5/14/2018,12,5,14,2018,134,MCD1_2018,MCD_2018
5/15/2018 12:14,6.674,3.5,MCD,pelagic,MCD1,5/15/2018,12,5,15,2018,135,MCD1_2018,MCD_2018
5/16/2018 12:14,6.877,3.5,MCD,pelagic,MCD1,5/16/2018,12,5,16,2018,136,MCD1_2018,MCD_2018
5/17/2018 12:14,6.877,3.5,MCD,pelagic,MCD1,5/17/2018,12,5,17,2018,137,MCD1_2018,MCD_2018
5/18/2018 12:14,6.978,3.5,MCD,pelagic,MCD1,5/18/2018,12,5,18,2018,138,MCD1_2018,MCD_2018
5/19/2018 12:14,6.978,3.5,MCD,pelagic,MCD1,5/19/2018,12,5,19,2018,139,MCD1_2018,MCD_2018
5/20/2018 12:14,7.079,3.5,MCD,pelagic,MCD1,5/20/2018,12,5,20,2018,140,MCD1_2018,MCD_2018
5/21/2018 12:14,7.179,3.5,MCD,pelagic,MCD1,5/21/2018,12,5,21,2018,141,MCD1_2018,MCD_2018
5/22/2018 12:14,7.28,3.5,MCD,pelagic,MCD1,5/22/2018,12,5,22,2018,142,MCD1_2018,MCD_2018
5/23/2018 12:14,7.381,3.5,MCD,pelagic,MCD1,5/23/2018,12,5,23,2018,143,MCD1_2018,MCD_2018
5/24/2018 12:14,7.481,3.5,MCD,pelagic,MCD1,5/24/2018,12,5,24,2018,144,MCD1_2018,MCD_2018
5/25/2018 12:14,7.782,3.5,MCD,pelagic,MCD1,5/25/2018,12,5,25,2018,145,MCD1_2018,MCD_2018
5/26/2018 12:14,7.782,3.5,MCD,pelagic,MCD1,5/26/2018,12,5,26,2018,146,MCD1_2018,MCD_2018
5/27/2018 12:14,7.782,3.5,MCD,pelagic,MCD1,5/27/2018,12,5,27,2018,147,MCD1_2018,MCD_2018
5/28/2018 12:14,7.983,3.5,MCD,pelagic,MCD1,5/28/2018,12,5,28,2018,148,MCD1_2018,MCD_2018
5/29/2018 12:14,8.382,3.5,MCD,pelagic,MCD1,5/29/2018,12,5,29,2018,149,MCD1_2018,MCD_2018
5/30/2018 12:14,8.082,3.5,MCD,pelagic,MCD1,5/30/2018,12,5,30,2018,150,MCD1_2018,MCD_2018
5/31/2018 12:14,8.879,3.5,MCD,pelagic,MCD1,5/31/2018,12,5,31,2018,151,MCD1_2018,MCD_2018
6/1/2018 12:14,8.779,3.5,MCD,pelagic,MCD1,6/1/2018,12,6,1,2018,152,MCD1_2018,MCD_2018
6/2/2018 12:14,8.879,3.5,MCD,pelagic,MCD1,6/2/2018,12,6,2,2018,153,MCD1_2018,MCD_2018
6/3/2018 12:14,9.571,3.5,MCD,pelagic,MCD1,6/3/2018,12,6,3,2018,154,MCD1_2018,MCD_2018
6/4/2018 12:14,9.669,3.5,MCD,pelagic,MCD1,6/4/2018,12,6,4,2018,155,MCD1_2018,MCD_2018
6/5/2018 12:14,9.965,3.5,MCD,pelagic,MCD1,6/5/2018,12,6,5,2018,156,MCD1_2018,MCD_2018
6/6/2018 12:14,9.866,3.5,MCD,pelagic,MCD1,6/6/2018,12,6,6,2018,157,MCD1_2018,MCD_2018
6/7/2018 12:14,9.866,3.5,MCD,pelagic,MCD1,6/7/2018,12,6,7,2018,158,MCD1_2018,MCD_2018
6/8/2018 12:14,9.571,3.5,MCD,pelagic,MCD1,6/8/2018,12,6,8,2018,159,MCD1_2018,MCD_2018
6/9/2018 12:14,10.259,3.5,MCD,pelagic,MCD1,6/9/2018,12,6,9,2018,160,MCD1_2018,MCD_2018
6/10/2018 12:14,10.259,3.5,MCD,pelagic,MCD1,6/10/2018,12,6,10,2018,161,MCD1_2018,MCD_2018
6/11/2018 12:14,10.651,3.5,MCD,pelagic,MCD1,6/11/2018,12,6,11,2018,162,MCD1_2018,MCD_2018
6/12/2018 12:14,10.944,3.5,MCD,pelagic,MCD1,6/12/2018,12,6,12,2018,163,MCD1_2018,MCD_2018
6/13/2018 12:14,11.041,3.5,MCD,pelagic,MCD1,6/13/2018,12,6,13,2018,164,MCD1_2018,MCD_2018
6/14/2018 12:14,11.916,3.5,MCD,pelagic,MCD1,6/14/2018,12,6,14,2018,165,MCD1_2018,MCD_2018
6/15/2018 12:14,13.654,3.5,MCD,pelagic,MCD1,6/15/2018,12,6,15,2018,166,MCD1_2018,MCD_2018
6/16/2018 12:14,11.236,3.5,MCD,pelagic,MCD1,6/16/2018,12,6,16,2018,167,MCD1_2018,MCD_2018
6/17/2018 12:14,12.98,3.5,MCD,pelagic,MCD1,6/17/2018,12,6,17,2018,168,MCD1_2018,MCD_2018
6/18/2018 12:14,12.787,3.5,MCD,pelagic,MCD1,6/18/2018,12,6,18,2018,169,MCD1_2018,MCD_2018
6/19/2018 12:14,12.883,3.5,MCD,pelagic,MCD1,6/19/2018,12,6,19,2018,170,MCD1_2018,MCD_2018
6/20/2018 12:14,12.883,3.5,MCD,pelagic,MCD1,6/20/2018,12,6,20,2018,171,MCD1_2018,MCD_2018
6/21/2018 12:14,13.076,3.5,MCD,pelagic,MCD1,6/21/2018,12,6,21,2018,172,MCD1_2018,MCD_2018
6/22/2018 12:14,13.076,3.5,MCD,pelagic,MCD1,6/22/2018,12,6,22,2018,173,MCD1_2018,MCD_2018
6/23/2018 12:14,13.75,3.5,MCD,pelagic,MCD1,6/23/2018,12,6,23,2018,174,MCD1_2018,MCD_2018
6/24/2018 12:14,13.654,3.5,MCD,pelagic,MCD1,6/24/2018,12,6,24,2018,175,MCD1_2018,MCD_2018
6/25/2018 12:14,14.134,3.5,MCD,pelagic,MCD1,6/25/2018,12,6,25,2018,176,MCD1_2018,MCD_2018
6/26/2018 12:14,14.613,3.5,MCD,pelagic,MCD1,6/26/2018,12,6,26,2018,177,MCD1_2018,MCD_2018
6/27/2018 12:14,13.75,3.5,MCD,pelagic,MCD1,6/27/2018,12,6,27,2018,178,MCD1_2018,MCD_2018
6/28/2018 12:14,14.325,3.5,MCD,pelagic,MCD1,6/28/2018,12,6,28,2018,179,MCD1_2018,MCD_2018
6/29/2018 12:14,14.804,3.5,MCD,pelagic,MCD1,6/29/2018,12,6,29,2018,180,MCD1_2018,MCD_2018
6/30/2018 12:14,14.9,3.5,MCD,pelagic,MCD1,6/30/2018,12,6,30,2018,181,MCD1_2018,MCD_2018
7/1/2018 12:14,14.517,3.5,MCD,pelagic,MCD1,7/1/2018,12,7,1,2018,182,MCD1_2018,MCD_2018
7/2/2018 12:14,15.378,3.5,MCD,pelagic,MCD1,7/2/2018,12,7,2,2018,183,MCD1_2018,MCD_2018
7/3/2018 12:14,15.091,3.5,MCD,pelagic,MCD1,7/3/2018,12,7,3,2018,184,MCD1_2018,MCD_2018
7/4/2018 12:14,14.325,3.5,MCD,pelagic,MCD1,7/4/2018,12,7,4,2018,185,MCD1_2018,MCD_2018
7/5/2018 12:14,14.709,3.5,MCD,pelagic,MCD1,7/5/2018,12,7,5,2018,186,MCD1_2018,MCD_2018
7/6/2018 12:14,14.996,3.5,MCD,pelagic,MCD1,7/6/2018,12,7,6,2018,187,MCD1_2018,MCD_2018
7/7/2018 12:14,16.427,3.5,MCD,pelagic,MCD1,7/7/2018,12,7,7,2018,188,MCD1_2018,MCD_2018
7/8/2018 12:14,16.903,3.5,MCD,pelagic,MCD1,7/8/2018,12,7,8,2018,189,MCD1_2018,MCD_2018
7/9/2018 12:14,15.569,3.5,MCD,pelagic,MCD1,7/9/2018,12,7,9,2018,190,MCD1_2018,MCD_2018
7/10/2018 12:14,15.951,3.5,MCD,pelagic,MCD1,7/10/2018,12,7,10,2018,191,MCD1_2018,MCD_2018
7/11/2018 12:14,17.189,3.5,MCD,pelagic,MCD1,7/11/2018,12,7,11,2018,192,MCD1_2018,MCD_2018
7/12/2018 12:14,16.046,3.5,MCD,pelagic,MCD1,7/12/2018,12,7,12,2018,193,MCD1_2018,MCD_2018
7/13/2018 12:14,17.76,3.5,MCD,pelagic,MCD1,7/13/2018,12,7,13,2018,194,MCD1_2018,MCD_2018
7/14/2018 12:14,16.332,3.5,MCD,pelagic,MCD1,7/14/2018,12,7,14,2018,195,MCD1_2018,MCD_2018
7/15/2018 12:14,17.379,3.5,MCD,pelagic,MCD1,7/15/2018,12,7,15,2018,196,MCD1_2018,MCD_2018
7/16/2018 12:14,19.092,3.5,MCD,pelagic,MCD1,7/16/2018,12,7,16,2018,197,MCD1_2018,MCD_2018
7/17/2018 12:14,17.094,3.5,MCD,pelagic,MCD1,7/17/2018,12,7,17,2018,198,MCD1_2018,MCD_2018
7/18/2018 12:14,16.618,3.5,MCD,pelagic,MCD1,7/18/2018,12,7,18,2018,199,MCD1_2018,MCD_2018
7/19/2018 12:14,18.711,3.5,MCD,pelagic,MCD1,7/19/2018,12,7,19,2018,200,MCD1_2018,MCD_2018
7/20/2018 12:14,18.426,3.5,MCD,pelagic,MCD1,7/20/2018,12,7,20,2018,201,MCD1_2018,MCD_2018
7/21/2018 12:14,19.758,3.5,MCD,pelagic,MCD1,7/21/2018,12,7,21,2018,202,MCD1_2018,MCD_2018
7/22/2018 12:14,20.234,3.5,MCD,pelagic,MCD1,7/22/2018,12,7,22,2018,203,MCD1_2018,MCD_2018
7/23/2018 12:14,17.855,3.5,MCD,pelagic,MCD1,7/23/2018,12,7,23,2018,204,MCD1_2018,MCD_2018
7/24/2018 12:14,19.758,3.5,MCD,pelagic,MCD1,7/24/2018,12,7,24,2018,205,MCD1_2018,MCD_2018
7/25/2018 12:14,19.853,3.5,MCD,pelagic,MCD1,7/25/2018,12,7,25,2018,206,MCD1_2018,MCD_2018
7/26/2018 12:14,19.187,3.5,MCD,pelagic,MCD1,7/26/2018,12,7,26,2018,207,MCD1_2018,MCD_2018
7/27/2018 12:14,19.092,3.5,MCD,pelagic,MCD1,7/27/2018,12,7,27,2018,208,MCD1_2018,MCD_2018
7/28/2018 12:14,18.236,3.5,MCD,pelagic,MCD1,7/28/2018,12,7,28,2018,209,MCD1_2018,MCD_2018
7/29/2018 12:14,18.616,3.5,MCD,pelagic,MCD1,7/29/2018,12,7,29,2018,210,MCD1_2018,MCD_2018
7/30/2018 12:14,18.331,3.5,MCD,pelagic,MCD1,7/30/2018,12,7,30,2018,211,MCD1_2018,MCD_2018
7/31/2018 12:14,19.282,3.5,MCD,pelagic,MCD1,7/31/2018,12,7,31,2018,212,MCD1_2018,MCD_2018
8/1/2018 12:14,19.282,3.5,MCD,pelagic,MCD1,8/1/2018,12,8,1,2018,213,MCD1_2018,MCD_2018
8/2/2018 12:14,19.092,3.5,MCD,pelagic,MCD1,8/2/2018,12,8,2,2018,214,MCD1_2018,MCD_2018
8/3/2018 12:14,21.378,3.5,MCD,pelagic,MCD1,8/3/2018,12,8,3,2018,215,MCD1_2018,MCD_2018
8/4/2018 12:14,20.234,3.5,MCD,pelagic,MCD1,8/4/2018,12,8,4,2018,216,MCD1_2018,MCD_2018
8/5/2018 12:14,20.519,3.5,MCD,pelagic,MCD1,8/5/2018,12,8,5,2018,217,MCD1_2018,MCD_2018
8/6/2018 12:14,19.853,3.5,MCD,pelagic,MCD1,8/6/2018,12,8,6,2018,218,MCD1_2018,MCD_2018
8/7/2018 12:14,19.948,3.5,MCD,pelagic,MCD1,8/7/2018,12,8,7,2018,219,MCD1_2018,MCD_2018
8/8/2018 12:14,20.234,3.5,MCD,pelagic,MCD1,8/8/2018,12,8,8,2018,220,MCD1_2018,MCD_2018
8/9/2018 12:14,19.948,3.5,MCD,pelagic,MCD1,8/9/2018,12,8,9,2018,221,MCD1_2018,MCD_2018
8/10/2018 12:14,19.758,3.5,MCD,pelagic,MCD1,8/10/2018,12,8,10,2018,222,MCD1_2018,MCD_2018
8/11/2018 12:14,19.948,3.5,MCD,pelagic,MCD1,8/11/2018,12,8,11,2018,223,MCD1_2018,MCD_2018
8/12/2018 12:14,19.567,3.5,MCD,pelagic,MCD1,8/12/2018,12,8,12,2018,224,MCD1_2018,MCD_2018
8/13/2018 12:14,20.043,3.5,MCD,pelagic,MCD1,8/13/2018,12,8,13,2018,225,MCD1_2018,MCD_2018
8/14/2018 12:14,20.138,3.5,MCD,pelagic,MCD1,8/14/2018,12,8,14,2018,226,MCD1_2018,MCD_2018
8/15/2018 12:14,19.662,3.5,MCD,pelagic,MCD1,8/15/2018,12,8,15,2018,227,MCD1_2018,MCD_2018
8/16/2018 12:14,19.758,3.5,MCD,pelagic,MCD1,8/16/2018,12,8,16,2018,228,MCD1_2018,MCD_2018
8/17/2018 12:14,19.758,3.5,MCD,pelagic,MCD1,8/17/2018,12,8,17,2018,229,MCD1_2018,MCD_2018
8/18/2018 12:14,20.138,3.5,MCD,pelagic,MCD1,8/18/2018,12,8,18,2018,230,MCD1_2018,MCD_2018
8/19/2018 12:14,19.853,3.5,MCD,pelagic,MCD1,8/19/2018,12,8,19,2018,231,MCD1_2018,MCD_2018
8/20/2018 12:14,20.043,3.5,MCD,pelagic,MCD1,8/20/2018,12,8,20,2018,232,MCD1_2018,MCD_2018
8/21/2018 12:14,20.138,3.5,MCD,pelagic,MCD1,8/21/2018,12,8,21,2018,233,MCD1_2018,MCD_2018
8/22/2018 12:14,20.138,3.5,MCD,pelagic,MCD1,8/22/2018,12,8,22,2018,234,MCD1_2018,MCD_2018
8/23/2018 12:14,21.76,3.5,MCD,pelagic,MCD1,8/23/2018,12,8,23,2018,235,MCD1_2018,MCD_2018
8/24/2018 12:14,21.282,3.5,MCD,pelagic,MCD1,8/24/2018,12,8,24,2018,236,MCD1_2018,MCD_2018
8/25/2018 12:14,20.71,3.5,MCD,pelagic,MCD1,8/25/2018,12,8,25,2018,237,MCD1_2018,MCD_2018
8/26/2018 12:14,21.473,3.5,MCD,pelagic,MCD1,8/26/2018,12,8,26,2018,238,MCD1_2018,MCD_2018
8/27/2018 12:14,21.473,3.5,MCD,pelagic,MCD1,8/27/2018,12,8,27,2018,239,MCD1_2018,MCD_2018
8/28/2018 12:14,21.091,3.5,MCD,pelagic,MCD1,8/28/2018,12,8,28,2018,240,MCD1_2018,MCD_2018
8/29/2018 12:14,20.901,3.5,MCD,pelagic,MCD1,8/29/2018,12,8,29,2018,241,MCD1_2018,MCD_2018
8/30/2018 12:14,20.805,3.5,MCD,pelagic,MCD1,8/30/2018,12,8,30,2018,242,MCD1_2018,MCD_2018
8/31/2018 12:14,20.805,3.5,MCD,pelagic,MCD1,8/31/2018,12,8,31,2018,243,MCD1_2018,MCD_2018
9/1/2018 12:14,20.805,3.5,MCD,pelagic,MCD1,9/1/2018,12,9,1,2018,244,MCD1_2018,MCD_2018
9/2/2018 12:14,21.664,3.5,MCD,pelagic,MCD1,9/2/2018,12,9,2,2018,245,MCD1_2018,MCD_2018
9/3/2018 12:14,20.615,3.5,MCD,pelagic,MCD1,9/3/2018,12,9,3,2018,246,MCD1_2018,MCD_2018
9/4/2018 12:14,20.615,3.5,MCD,pelagic,MCD1,9/4/2018,12,9,4,2018,247,MCD1_2018,MCD_2018
9/5/2018 12:14,20.519,3.5,MCD,pelagic,MCD1,9/5/2018,12,9,5,2018,248,MCD1_2018,MCD_2018
9/6/2018 12:14,20.329,3.5,MCD,pelagic,MCD1,9/6/2018,12,9,6,2018,249,MCD1_2018,MCD_2018
9/7/2018 12:14,20.424,3.5,MCD,pelagic,MCD1,9/7/2018,12,9,7,2018,250,MCD1_2018,MCD_2018
9/8/2018 12:14,20.234,3.5,MCD,pelagic,MCD1,9/8/2018,12,9,8,2018,251,MCD1_2018,MCD_2018
9/9/2018 12:14,20.043,3.5,MCD,pelagic,MCD1,9/9/2018,12,9,9,2018,252,MCD1_2018,MCD_2018
9/10/2018 12:14,19.662,3.5,MCD,pelagic,MCD1,9/10/2018,12,9,10,2018,253,MCD1_2018,MCD_2018
9/11/2018 12:14,20.138,3.5,MCD,pelagic,MCD1,9/11/2018,12,9,11,2018,254,MCD1_2018,MCD_2018
